date,Low,Close
2019-07-21,81.81,81.93
2019-07-18,82.52,83.35
2019-07-17,83.33,83.63
2019-07-16,83.66,84.91
2019-07-15,83.2,83.58
2019-07-14,83.11,84.4
2019-07-11,82.85,83.35
2019-07-10,83.36,83.42
2019-07-09,84.76,85.5
2019-07-08,84.69,84.69
2019-07-07,85.82,86.07
2019-07-04,87.05,87.05
2019-07-03,85.88,87.14
2019-07-02,85.37,85.84
2019-07-01,84.73,85.36
2019-06-30,84.7,85.03
2019-06-27,84.32,84.64
2019-06-26,84.73,85.0
2019-06-25,85.96,86.02
2019-06-24,86.17,86.52
2019-06-23,86.54,86.78
2019-06-20,86.85,87.36
2019-06-19,86.67,87.03
2019-06-18,86.0,86.02
2019-06-17,85.3,86.11
2019-06-16,85.02,85.17
2019-06-13,84.93,85.5
2019-06-12,85.55,86.2
2019-06-11,85.38,85.71
2019-06-10,85.56,85.87
2019-06-09,85.65,86.1
2019-06-06,84.88,85.86
2019-06-05,84.56,85.43
2019-06-04,84.67,85.09
2019-06-03,84.1,84.86
2019-06-02,84.26,84.5
2019-05-30,84.13,84.47
2019-05-29,84.25,84.73
2019-05-28,84.08,84.81
2019-05-27,83.36,84.44
2019-05-26,83.31,83.77
2019-05-23,82.49,83.08
2019-05-22,82.61,83.0
2019-05-21,81.6,82.97
2019-05-20,81.75,82.43
2019-05-19,81.6,82.78
2019-05-16,81.88,82.33
2019-05-15,82.74,83.17
2019-05-14,83.02,83.69
2019-05-13,83.29,83.49
2019-05-12,82.23,83.5
2019-05-09,81.75,82.43
2019-05-08,81.04,82.39
2019-05-07,79.25,81.24
2019-05-06,79.9,80.21
2019-05-05,80.1,81.28
2019-05-02,82.98,84.01
2019-05-01,83.43,83.43
2019-04-30,82.71,83.43
2019-04-29,81.69,82.81
2019-04-28,80.75,81.44
2019-04-25,80.66,81.2
2019-04-24,80.45,82.07
2019-04-23,81.35,81.47
2019-04-22,79.77,81.61
2019-04-21,79.36,79.36
2019-04-18,79.36,79.36
2019-04-17,78.17,79.36
2019-04-16,77.46,78.07
2019-04-15,76.77,76.98
2019-04-14,76.97,78.21
2019-04-11,77.33,77.62
2019-04-10,78.91,79.31
2019-04-09,78.6,78.84
2019-04-08,78.42,79.25
2019-04-07,78.68,78.89
2019-04-04,80.19,80.77
2019-04-03,79.75,80.03
2019-04-02,79.92,80.37
2019-04-01,80.46,80.72
2019-03-31,80.52,80.68
2019-03-28,79.62,80.41
2019-03-27,78.2,79.2
2019-03-26,78.15,78.79
2019-03-25,76.55,77.85
2019-03-24,76.06,76.5
2019-03-21,77.4,78.0
2019-03-20,76.22,77.49
2019-03-19,77.63,78.19
2019-03-18,76.75,77.83
2019-03-17,76.42,77.82
2019-03-14,74.65,76.92
2019-03-13,75.66,75.86
2019-03-12,77.72,78.2
2019-03-11,78.77,79.73
2019-03-10,78.82,79.34
2019-03-07,79.69,79.69
2019-03-06,80.54,81.15
2019-03-05,81.15,81.17
2019-03-04,80.53,82.19
2019-03-03,79.91,79.97
2019-02-28,82.17,83.42
2019-02-27,81.63,82.0
2019-02-26,82.43,83.81
2019-02-25,81.72,83.08
2019-02-24,81.67,83.26
2019-02-21,81.88,82.17
2019-02-20,81.07,82.24
2019-02-19,81.76,82.75
2019-02-18,81.91,82.63
2019-02-17,82.2,82.2
2019-02-14,81.27,82.51
2019-02-13,79.86,81.26
2019-02-12,79.89,80.57
2019-02-11,78.55,80.04
2019-02-10,78.17,78.32
2019-02-07,77.65,78.82
2019-02-06,76.32,78.17
2019-02-05,75.73,76.65
2019-02-04,75.87,76.59
2019-02-03,77.65,77.99
2019-01-31,78.1,79.53
2019-01-30,78.67,79.73
2019-01-29,77.9,79.0
2019-01-28,77.67,79.13
2019-01-27,77.19,77.61
2019-01-24,77.55,77.81
2019-01-23,79.23,79.74
2019-01-22,79.94,80.22
2019-01-21,79.74,80.61
2019-01-20,78.92,79.86
2019-01-17,79.02,79.49
2019-01-16,78.07,78.99
2019-01-15,77.08,78.18
2019-01-14,76.29,77.57
2019-01-13,76.99,77.49
2019-01-10,77.07,77.4
2019-01-09,76.55,76.72
2019-01-08,77.4,78.0
2019-01-07,78.21,78.52
2019-01-06,76.06,76.42
2019-01-03,76.03,76.57
2019-01-02,76.26,76.38
2019-01-01,77.49,77.49
2013-12-31,77.49,77.49
2013-12-30,77.49,77.49
2013-12-27,77.41,77.95
2013-12-26,76.9,76.9
2013-12-25,76.9,76.9
2013-12-24,76.9,76.9
2013-12-23,76.51,76.9
2013-12-20,75.39,76.01
2013-12-19,74.83,75.25
2013-12-18,74.28,74.51
2013-12-17,74.25,74.25
2013-12-16,73.37,75.17
2013-12-13,73.46,73.65
2013-12-12,71.54,73.94
2013-12-11,74.2,74.36
2013-12-10,74.65,75.09
2013-12-09,75.28,75.62
2013-12-06,74.74,75.64
2013-12-05,74.93,74.96
2013-12-04,74.2,75.72
2013-12-03,77.08,77.26
2013-12-02,78.73,78.97
2013-11-29,77.9,78.6
2013-11-28,77.82,78.18
2013-11-27,77.37,78.0
2013-11-26,77.36,77.51
2013-11-25,76.82,77.69
2013-11-22,76.06,76.64
2013-11-21,76.1,76.75
2013-11-20,76.83,77.2
2013-11-19,77.04,77.53
2013-11-18,77.2,77.96
2013-11-15,77.56,78.0
2013-11-14,76.83,77.82
2013-11-13,75.5,76.26
2013-11-12,75.58,76.09
2013-11-11,75.37,75.87
2013-11-08,75.15,75.68
2013-11-07,75.16,76.17
2013-11-06,75.55,75.85
2013-11-05,75.36,75.83
2013-11-04,75.91,76.1
2013-11-01,75.91,76.58
2013-10-31,75.38,76.63
2013-10-30,75.55,75.83
2013-10-29,75.37,76.04
2013-10-28,75.2,75.69
2013-10-25,74.4,75.17
2013-10-24,73.54,74.19
2013-10-23,73.52,74.05
2013-10-22,73.26,73.97
2013-10-21,72.79,73.48
2013-10-18,72.7,73.51
2013-10-17,72.58,72.95
2013-10-16,71.88,73.11
2013-10-15,71.71,72.17
2013-10-14,71.01,71.45
2013-10-11,71.27,71.69
2013-10-10,70.05,71.57
2013-10-09,69.56,69.9
2013-10-08,69.73,70.05
2013-10-07,69.13,70.37
2013-10-04,70.26,70.76
2013-10-03,70.72,70.95
2013-10-02,70.95,71.54
2013-10-01,70.75,71.63
2013-09-30,69.87,70.9
2013-09-27,70.83,71.53
2013-09-26,71.56,72.09
2013-09-25,71.55,72.19
2013-09-24,71.83,72.35
2013-09-23,71.38,72.3
2013-09-20,71.92,71.99
2013-09-19,71.9,72.25
2013-09-18,71.75,72.16
2013-09-17,71.85,72.08
2013-09-16,70.51,72.34
2013-09-13,69.32,69.79
2013-09-12,69.26,69.82
2013-09-11,69.15,69.62
2013-09-10,67.73,69.39
2013-09-09,66.85,67.26
2013-09-06,65.86,66.85
2013-09-05,66.74,67.11
2013-09-04,66.75,67.87
2013-09-03,66.79,67.23
2013-09-02,66.98,67.6
2013-08-30,66.03,66.13
2013-08-29,66.07,66.75
2013-08-28,66.32,66.84
2013-08-27,67.89,68.1
2013-08-26,68.48,69.24
2013-08-23,67.83,69.03
2013-08-22,66.9,68.31
2013-08-21,66.55,67.04
2013-08-20,67.06,67.62
2013-08-19,67.57,67.98
2013-08-16,67.35,68.01
2013-08-15,66.93,67.79
2013-08-14,67.74,67.9
2013-08-13,66.8,67.93
2013-08-12,64.55,66.11
2013-08-09,64.09,64.79
2013-08-08,64.69,65.2
2013-08-07,64.67,65.02
2013-08-06,65.6,65.81
2013-08-05,65.98,66.66
2013-08-02,67.47,67.88
2013-08-01,67.1,67.59
2013-07-31,66.24,66.66
2013-07-30,67.08,67.44
2013-07-29,66.07,66.52
2013-07-26,65.59,65.87
2013-07-25,66.37,66.74
2013-07-24,69.12,69.86
2013-07-23,69.57,69.8
2013-07-22,69.8,70.17
2013-07-19,69.61,70.0
2013-07-18,69.8,70.68
2013-07-17,69.44,70.83
2013-07-16,69.96,70.09
2013-07-15,70.34,70.8
2013-07-12,70.14,70.46
2013-07-11,70.87,71.2
2013-07-10,68.75,69.95
2013-07-09,68.84,69.72
2013-07-08,67.34,69.1
2013-07-05,66.96,66.96
2013-07-04,67.54,69.04
2013-07-03,67.03,67.77
2013-07-02,67.89,68.25
2013-07-01,67.16,68.59
2013-06-28,68.1,68.63
2013-06-27,67.37,68.33
2013-06-26,68.98,69.72
2013-06-25,68.64,69.32
2013-06-24,67.83,68.42
2013-06-21,69.5,69.5
2013-06-20,70.7,70.93
2013-06-19,73.71,73.9
2013-06-18,73.1,74.36
2013-06-17,73.03,73.72
2013-06-14,72.61,72.81
2013-06-13,71.09,72.34
2013-06-12,72.67,72.87
2013-06-11,72.16,73.36
2013-06-10,72.49,73.9
2013-06-07,70.31,72.83
2013-06-06,71.36,71.58
2013-06-05,72.79,73.12
2013-06-04,74.79,75.1
2013-06-03,74.16,75.79
2013-05-31,74.12,75.23
2013-05-30,73.81,74.99
2013-05-29,73.83,74.7
2013-05-28,74.45,75.3
2013-05-27,73.4,74.22
2013-05-24,72.64,73.45
2013-05-23,73.12,74.26
2013-05-22,74.55,75.41
2013-05-21,73.79,75.35
2013-05-20,73.65,73.94
2013-05-17,73.5,74.42
2013-05-16,73.41,73.98
2013-05-15,72.86,73.58
2013-05-14,73.14,74.3
2013-05-13,72.61,73.99
2013-05-10,73.49,73.81
2013-05-09,72.96,74.06
2013-05-08,73.09,73.63
2013-05-07,72.71,73.76
2013-05-06,72.38,73.0
2013-05-03,71.09,73.34
2013-05-02,70.34,71.8
2013-05-01,70.92,70.92
2013-04-30,70.42,70.92
2013-04-29,69.41,70.73
2013-04-26,70.65,72.59
2013-04-25,68.39,70.0
2013-04-24,67.67,68.35
2013-04-23,65.26,67.66
2013-04-22,65.47,66.04
2013-04-19,65.31,65.63
2013-04-18,65.48,65.63
2013-04-17,65.18,65.55
2013-04-16,67.6,68.12
2013-04-15,67.35,68.63
2013-04-12,68.25,68.4
2013-04-11,68.27,69.31
2013-04-10,66.83,68.5
2013-04-09,66.67,66.91
2013-04-08,66.5,66.7
2013-04-05,66.5,66.87
2013-04-04,68.66,69.0
2013-04-03,69.17,69.3
2013-04-02,68.27,69.52
2013-04-01,68.32,68.32
2013-03-29,68.32,68.32
2013-03-28,67.78,68.32
2013-03-27,67.32,67.98
2013-03-26,69.25,69.62
2013-03-25,69.38,69.57
2013-03-22,70.35,70.8
2013-03-21,70.76,71.3
2013-03-20,72.98,73.54
2013-03-19,72.86,73.35
2013-03-18,73.18,74.32
2013-03-15,73.93,75.09
2013-03-14,74.21,75.32
2013-03-13,73.11,74.02
2013-03-12,72.8,73.36
2013-03-11,72.97,73.48
2013-03-08,72.9,73.28
2013-03-07,72.76,73.4
2013-03-06,73.25,73.48
2013-03-05,72.0,73.05
2013-03-04,70.61,71.57
2013-03-01,70.81,71.83
2013-02-28,71.66,72.18
2013-02-27,71.16,72.09
2013-02-26,71.41,71.66
2013-02-25,74.35,75.01
2013-02-22,72.89,74.32
2013-02-21,72.12,72.8
2013-02-20,73.66,74.12
2013-02-19,71.16,73.79
2013-02-18,70.51,71.45
2013-02-15,70.75,70.75
2013-02-14,71.32,71.32
2013-02-13,71.45,72.53
2013-02-12,71.25,71.51
2013-02-11,71.37,71.85
2013-02-08,71.7,72.08
2013-02-07,71.36,71.94
2013-02-06,71.48,72.09
2013-02-05,73.13,73.46
2013-02-04,73.14,73.14
2013-02-01,74.81,75.85
2013-01-31,74.66,74.66
2013-01-30,74.53,75.1
2013-01-29,75.09,75.81
2013-01-28,74.82,75.58
2013-01-25,73.63,75.6
2013-01-24,72.23,73.79
2013-01-23,72.73,72.86
2013-01-22,72.32,73.11
2013-01-21,73.31,73.81
2013-01-18,72.96,73.17
2013-01-17,72.09,73.2
2013-01-16,71.35,72.35
2013-01-15,71.24,71.86
2013-01-14,71.12,71.76
2013-01-11,70.55,71.0
2013-01-10,70.72,70.92
2013-01-09,70.34,71.41
2013-01-08,70.93,71.14
2013-01-07,71.52,71.64
2013-01-04,71.86,72.47
2013-01-03,72.19,72.35
2013-01-02,72.22,73.18
2013-01-01,71.15,71.15
2012-12-31,71.15,71.15
2012-12-28,71.09,71.15
2012-12-27,71.02,71.8
2012-12-26,71.17,71.17
2012-12-25,71.17,71.17
2012-12-24,71.17,71.17
2012-12-21,71.04,71.17
2012-12-20,72.16,72.3
2012-12-19,72.66,73.09
2012-12-18,72.21,72.77
2012-12-17,71.7,72.14
2012-12-14,71.82,72.04
2012-12-13,70.92,71.81
2012-12-12,70.86,71.55
2012-12-11,70.47,71.3
2012-12-10,69.51,70.61
2012-12-07,69.58,70.01
2012-12-06,69.52,70.33
2012-12-05,68.9,69.3
2012-12-04,68.74,68.95
2012-12-03,68.93,69.47
2012-11-30,68.26,68.9
2012-11-29,68.41,68.76
2012-11-28,67.27,68.11
2012-11-27,67.38,67.9
2012-11-26,67.05,67.39
2012-11-23,66.46,67.54
2012-11-22,65.86,66.58
2012-11-21,65.29,65.78
2012-11-20,64.17,65.8
2012-11-19,62.87,64.35
2012-11-16,62.3,62.5
2012-11-15,62.65,63.2
2012-11-14,63.43,63.63
2012-11-13,62.74,64.09
2012-11-12,62.57,63.06
2012-11-09,62.17,63.17
2012-11-08,63.03,63.42
2012-11-07,63.32,63.47
2012-11-06,64.21,64.87
2012-11-05,64.08,64.36
2012-11-02,64.5,65.09
2012-11-01,63.67,64.7
2012-10-31,63.9,63.93
2012-10-30,63.61,64.1
2012-10-29,63.01,63.57
2012-10-26,62.49,63.68
2012-10-25,63.1,63.18
2012-10-24,62.05,62.66
2012-10-23,62.13,62.5
2012-10-22,64.92,65.15
2012-10-19,65.6,65.87
2012-10-18,65.44,66.17
2012-10-17,65.07,65.5
2012-10-16,65.15,65.58
2012-10-15,64.38,64.9
2012-10-12,64.38,64.38
2012-10-11,63.98,64.95
2012-10-10,63.78,64.08
2012-10-09,64.14,64.38
2012-10-08,65.45,65.47
2012-10-05,65.38,66.74
2012-10-04,65.35,65.6
2012-10-03,66.25,66.84
2012-10-02,66.51,66.61
2012-10-01,65.65,67.46
2012-09-28,65.65,65.65
2012-09-27,66.39,66.55
2012-09-26,66.44,66.72
2012-09-25,66.92,67.9
2012-09-24,67.2,67.48
2012-09-21,67.18,67.9
2012-09-20,66.06,67.44
2012-09-19,66.61,66.95
2012-09-18,65.67,66.78
2012-09-17,66.15,66.65
2012-09-14,66.11,66.63
2012-09-13,64.75,65.0
2012-09-12,65.28,65.66
2012-09-11,63.85,65.72
2012-09-10,63.86,64.13
2012-09-07,63.64,64.2
2012-09-06,61.45,63.77
2012-09-05,60.34,61.43
2012-09-04,61.32,61.51
2012-09-03,61.51,62.44
2012-08-31,61.03,61.81
2012-08-30,60.91,61.22
2012-08-29,61.77,62.52
2012-08-28,62.09,62.45
2012-08-27,61.67,62.82
2012-08-24,61.24,62.13
2012-08-23,61.46,61.68
2012-08-22,62.17,62.32
2012-08-21,62.4,63.04
2012-08-20,61.98,62.3
2012-08-17,61.37,62.05
2012-08-16,60.98,61.52
2012-08-15,60.77,61.21
2012-08-14,60.91,61.26
2012-08-13,60.19,60.51
2012-08-10,60.39,60.93
2012-08-09,60.12,60.99
2012-08-08,60.32,60.94
2012-08-07,60.15,61.21
2012-08-06,59.77,60.38
2012-08-03,57.53,59.71
2012-08-02,57.48,57.75
2012-08-01,58.63,59.08
2012-07-31,59.4,59.48
2012-07-30,58.75,60.24
2012-07-27,57.52,58.94
2012-07-26,55.23,57.76
2012-07-25,55.58,56.16
2012-07-24,55.89,55.99
2012-07-23,55.72,56.24
2012-07-20,57.82,58.01
2012-07-19,57.72,58.61
2012-07-18,56.44,57.46
2012-07-17,56.36,56.91
2012-07-16,55.75,56.25
2012-07-13,54.69,55.96
2012-07-12,54.17,54.66
2012-07-11,54.65,54.97
2012-07-10,54.64,55.38
2012-07-09,55.2,55.46
2012-07-06,56.08,56.1
2012-07-05,56.36,56.89
2012-07-04,56.3,57.1
2012-07-03,55.33,56.5
2012-07-02,54.42,55.25
2012-06-29,53.09,54.7
2012-06-28,51.13,51.89
2012-06-27,51.92,53.09
2012-06-26,52.68,53.05
2012-06-25,52.38,52.74
2012-06-22,53.92,54.09
2012-06-21,56.33,56.35
2012-06-20,56.58,56.87
2012-06-19,56.0,57.19
2012-06-18,55.68,56.1
2012-06-15,55.41,55.91
2012-06-14,54.72,55.1
2012-06-13,54.97,55.79
2012-06-12,54.97,55.83
2012-06-11,54.97,55.83
2012-06-08,54.97,55.47
2012-06-07,54.74,55.75
2012-06-06,53.68,54.66
2012-06-05,52.67,53.45
2012-06-04,52.81,53.48
2012-06-01,53.61,54.06
2012-05-31,55.7,56.38
2012-05-30,56.34,56.79
2012-05-29,57.32,57.95
2012-05-28,56.94,57.01
2012-05-25,56.22,57.05
2012-05-24,56.3,57.08
2012-05-23,56.37,56.78
2012-05-22,57.56,58.32
2012-05-21,56.51,57.47
2012-05-18,56.01,56.94
2012-05-17,56.52,56.82
2012-05-16,56.33,57.34
2012-05-15,56.62,57.29
2012-05-14,57.02,57.69
2012-05-11,57.35,58.76
2012-05-10,57.01,58.21
2012-05-09,56.45,57.57
2012-05-08,56.86,57.46
2012-05-07,57.62,58.98
2012-05-04,59.14,59.49
2012-05-03,60.39,60.92
2012-05-02,60.71,61.31
2012-05-01,62.19,62.19
2012-04-30,62.14,62.19
2012-04-27,62.93,65.25
2012-04-26,64.43,65.0
2012-04-25,63.96,65.19
2012-04-24,63.01,63.93
2012-04-23,63.23,63.67
2012-04-20,65.24,66.2
2012-04-19,64.85,65.01
2012-04-18,64.32,64.72
2012-04-17,63.14,65.57
2012-04-16,61.5,62.86
2012-04-13,61.16,61.63
2012-04-12,62.31,63.55
2012-04-11,61.31,62.69
2012-04-10,62.01,62.01
2012-04-09,63.48,63.48
2012-04-06,63.48,63.48
2012-04-05,62.51,63.48
2012-04-04,63.43,63.55
2012-04-03,65.61,65.69
2012-04-02,65.13,66.61
2012-03-30,64.92,65.59
2012-03-29,64.17,64.96
2012-03-28,65.83,65.98
2012-03-27,67.0,67.2
2012-03-26,65.73,67.07
2012-03-23,64.58,65.85
2012-03-22,65.29,65.92
2012-03-21,66.7,67.25
2012-03-20,66.92,67.23
2012-03-19,66.78,67.42
2012-03-16,67.17,67.98
2012-03-15,66.43,67.44
2012-03-14,66.06,66.69
2012-03-13,65.78,66.62
2012-03-12,64.88,65.52
2012-03-09,64.82,65.22
2012-03-08,63.39,64.88
2012-03-07,62.24,63.01
2012-03-06,62.4,62.42
2012-03-05,65.08,65.65
2012-03-02,66.22,66.64
2012-03-01,65.61,67.24
2012-02-29,65.78,65.9
2012-02-28,65.51,66.52
2012-02-27,64.38,65.81
2012-02-24,64.33,64.7
2012-02-23,63.7,64.58
2012-02-22,63.32,64.15
2012-02-21,64.23,65.0
2012-02-20,63.34,64.66
2012-02-17,62.21,62.98
2012-02-16,61.04,62.0
2012-02-15,61.71,61.98
2012-02-14,60.54,61.23
2012-02-13,60.0,60.73
2012-02-10,59.66,60.38
2012-02-09,60.42,61.42
2012-02-08,60.32,60.56
2012-02-07,60.11,60.87
2012-02-06,60.61,61.35
2012-02-03,60.2,61.32
2012-02-02,59.54,60.48
2012-02-01,58.97,59.89
2012-01-31,58.66,58.78
2012-01-30,59.78,59.81
2012-01-27,59.6,60.48
2012-01-26,59.27,60.0
2012-01-25,58.76,59.25
2012-01-24,58.28,58.72
2012-01-23,57.51,58.95
2012-01-20,58.24,58.39
2012-01-19,58.48,59.01
2012-01-18,58.15,59.03
2012-01-17,57.98,58.79
2012-01-16,56.8,57.92
2012-01-13,56.75,57.62
2012-01-12,57.38,58.2
2012-01-11,57.04,57.5
2012-01-10,56.36,57.49
2012-01-09,55.14,55.67
2012-01-06,55.31,55.92
2012-01-05,55.89,56.75
2012-01-04,55.81,56.16
2012-01-03,55.58,56.35
2012-01-02,53.62,55.14
2011-12-30,52.89,53.89
2011-12-29,52.38,53.17
2011-12-28,52.39,52.39
2011-12-27,52.96,53.17
2011-12-26,52.83,52.83
2011-12-23,52.46,52.83
2011-12-22,52.43,52.63
2011-12-21,52.05,52.4
2011-12-20,50.58,52.9
2011-12-19,50.78,51.15
2011-12-16,51.18,51.71
2011-12-15,50.61,51.13
2011-12-14,50.42,50.58
2011-12-13,50.71,51.1
2011-12-12,51.61,51.61
2011-12-09,52.4,53.9
2011-12-08,53.05,53.14
2011-12-07,53.13,53.88
2011-12-06,53.9,54.11
2011-12-05,53.97,54.56
2011-12-02,53.82,53.98
2011-12-01,52.83,53.06
2011-11-30,49.81,54.04
2011-11-29,49.17,50.56
2011-11-28,47.76,49.53
2011-11-25,46.06,47.24
2011-11-24,46.3,46.44
2011-11-23,46.52,47.08
2011-11-22,47.37,47.37
2011-11-21,47.8,48.15
2011-11-18,49.47,49.72
2011-11-17,49.51,50.26
2011-11-16,49.69,50.58
2011-11-15,49.61,50.89
2011-11-14,50.6,51.19
2011-11-11,49.92,51.6
2011-11-10,48.63,50.2
2011-11-09,49.25,49.97
2011-11-08,50.35,50.79
2011-11-07,49.51,50.41
2011-11-04,50.85,51.32
2011-11-03,49.94,53.33
2011-11-02,50.45,51.5
2011-11-01,50.2,50.85
2011-10-31,53.19,53.19
2011-10-28,54.72,54.99
2011-10-27,51.98,54.37
2011-10-26,50.05,50.6
2011-10-25,50.77,51.85
2011-10-24,50.38,51.63
2011-10-21,48.44,50.79
2011-10-20,48.83,49.1
2011-10-19,49.7,50.1
2011-10-18,49.49,50.87
2011-10-17,50.05,50.5
2011-10-14,50.44,51.31
2011-10-13,49.87,50.55
2011-10-12,49.63,51.04
2011-10-11,49.65,50.3
2011-10-10,49.04,51.06
2011-10-07,48.28,49.49
2011-10-06,46.8,49.01
2011-10-05,44.65,46.81
2011-10-04,43.03,44.0
2011-10-03,44.47,45.05
2011-09-30,45.47,46.08
2011-09-29,46.03,47.24
2011-09-28,45.67,46.51
2011-09-27,46.0,47.01
2011-09-26,43.18,45.4
2011-09-23,42.47,44.27
2011-09-22,44.01,44.35
2011-09-21,46.12,46.42
2011-09-20,46.06,47.83
2011-09-19,45.68,46.47
2011-09-16,47.06,47.43
2011-09-15,46.46,47.81
2011-09-14,44.0,46.38
2011-09-13,42.38,44.67
2011-09-12,42.19,43.66
2011-09-09,43.92,44.2
2011-09-08,45.46,46.62
2011-09-07,45.16,46.25
2011-09-06,43.95,44.4
2011-09-05,43.89,44.46
2011-09-02,46.3,47.06
2011-09-01,47.99,48.83
2011-08-31,47.9,49.67
2011-08-30,47.12,48.03
2011-08-29,47.9,48.36
2011-08-26,46.1,47.62
2011-08-25,46.82,48.25
2011-08-24,47.9,49.9
2011-08-23,47.53,48.28
2011-08-22,47.31,47.84
2011-08-19,47.75,48.6
2011-08-18,49.73,50.52
2011-08-17,52.38,53.5
2011-08-16,52.47,53.98
2011-08-15,54.18,54.32
2011-08-12,50.93,54.15
2011-08-11,48.92,52.23
2011-08-10,49.2,49.53
2011-08-09,46.92,52.11
2011-08-08,50.53,50.99
2011-08-05,52.62,53.99
2011-08-04,56.13,56.63
2011-08-03,57.56,58.51
2011-08-02,59.71,60.15
2011-08-01,61.21,61.21
2011-07-29,62.22,63.22
2011-07-28,61.85,63.09
2011-07-27,65.75,65.86
2011-07-26,66.61,66.75
2011-07-25,65.84,67.34
2011-07-22,65.85,66.57
2011-07-21,65.48,66.76
2011-07-20,65.73,66.2
2011-07-19,66.97,67.0
2011-07-18,67.04,67.43
2011-07-15,67.43,67.91
2011-07-14,67.6,68.5
2011-07-13,66.82,68.23
2011-07-12,64.73,67.0
2011-07-11,66.57,66.95
2011-07-08,68.17,68.37
2011-07-07,68.5,68.75
2011-07-06,67.29,68.45
2011-07-05,67.36,67.8
2011-07-04,67.56,67.7
2011-07-01,67.0,67.84
2011-06-30,66.29,67.57
2011-06-29,65.18,66.31
2011-06-28,63.77,64.72
2011-06-27,63.15,63.68
2011-06-24,64.11,64.29
2011-06-23,63.82,64.44
2011-06-22,64.86,65.27
2011-06-21,63.32,65.2
2011-06-20,61.97,62.8
2011-06-17,61.75,63.29
2011-06-16,61.9,62.85
2011-06-15,63.04,63.1
2011-06-14,63.78,64.53
2011-06-13,62.5,63.19
2011-06-10,62.99,63.15
2011-06-09,62.04,64.0
2011-06-08,61.15,62.24
2011-06-07,62.43,62.6
2011-06-06,62.16,62.86
2011-06-03,61.02,62.42
2011-06-02,61.46,61.46
2011-06-01,63.0,63.41
2011-05-31,63.0,64.26
2011-05-30,61.5,61.92
2011-05-27,60.76,61.3
2011-05-26,60.5,60.83
2011-05-25,60.32,61.17
2011-05-24,61.2,61.69
2011-05-23,60.56,61.23
2011-05-20,62.01,62.66
2011-05-19,63.42,63.58
2011-05-18,62.67,63.08
2011-05-17,62.36,62.4
2011-05-16,63.2,64.39
2011-05-13,63.96,64.06
2011-05-12,62.75,64.14
2011-05-11,64.72,64.87
2011-05-10,65.7,66.3
2011-05-09,65.4,65.64
2011-05-06,65.34,68.41
2011-05-05,65.22,66.0
2011-05-04,66.33,66.59
2011-05-03,67.8,68.62
2011-05-02,68.62,68.62
2011-04-29,68.28,69.4
2011-04-28,67.92,68.56
2011-04-27,66.57,67.83
2011-04-26,65.41,66.6
2011-04-21,65.6,65.86
2011-04-20,63.5,65.3
2011-04-19,62.19,62.33
2011-04-18,61.96,62.26
2011-04-15,63.05,64.05
2011-04-14,62.4,62.97
2011-04-13,62.59,63.05
2011-04-12,62.39,62.59
2011-04-11,63.18,64.41
2011-04-08,63.31,63.83
2011-04-07,62.91,63.11
2011-04-06,62.19,63.43
2011-04-05,61.32,62.28
2011-04-04,61.76,61.95
2011-04-01,61.28,61.89
2011-03-31,60.55,61.03
2011-03-30,59.81,60.46
2011-03-29,58.1,59.27
2011-03-28,58.69,59.09
2011-03-25,58.35,59.03
2011-03-24,56.8,58.37
2011-03-23,55.41,56.47
2011-03-22,56.21,56.46
2011-03-21,56.55,56.93
2011-03-18,55.95,56.25
2011-03-17,53.42,55.31
2011-03-16,53.63,53.96
2011-03-15,53.3,55.46
2011-03-14,57.27,57.78
2011-03-11,57.61,58.39
2011-03-10,57.87,58.73
2011-03-09,59.21,59.39
2011-03-08,59.3,59.96
2011-03-07,60.28,61.26
2011-03-04,60.18,60.6
2011-03-03,60.46,60.96
2011-03-02,59.1,60.33
2011-03-01,59.56,59.82
2011-02-28,58.96,60.26
2011-02-25,58.88,59.18
2011-02-24,58.08,59.0
2011-02-23,58.69,58.75
2011-02-22,58.32,59.49
2011-02-21,59.69,59.9
2011-02-18,60.77,61.54
2011-02-17,60.19,60.97
2011-02-16,60.3,60.3
2011-02-15,59.6,60.56
2011-02-14,58.23,59.49
2011-02-11,57.59,58.04
2011-02-10,57.5,58.53
2011-02-09,57.6,57.82
2011-02-08,57.52,57.69
2011-02-07,57.01,58.45
2011-02-04,57.12,57.35
2011-02-03,57.19,57.77
2011-02-02,57.39,58.04
2011-02-01,56.34,58.0
2011-01-31,55.75,56.18
2011-01-28,56.09,56.29
2011-01-27,57.21,57.41
2011-01-26,56.17,57.22
2011-01-25,55.2,56.12
2011-01-24,54.27,55.93
2011-01-21,55.16,56.64
2011-01-20,55.15,55.65
2011-01-19,55.68,55.95
2011-01-18,57.17,57.41
2011-01-17,56.91,57.15
2011-01-14,56.91,57.57
2011-01-13,57.09,58.42
2011-01-12,57.25,58.57
2011-01-11,56.5,57.07
2011-01-10,56.68,56.78
2011-01-07,56.89,57.1
2011-01-06,57.62,57.94
2011-01-05,56.21,57.89
2011-01-04,58.52,58.8
2011-01-03,60.23,60.42
2010-12-30,59.58,59.7
2010-12-29,60.73,61.35
2010-12-28,60.45,60.6
2010-12-27,60.14,60.66
2010-12-23,61.02,61.42
2010-12-22,61.26,61.61
2010-12-21,61.14,61.71
2010-12-20,60.73,61.05
2010-12-17,60.83,60.83
2010-12-16,61.03,61.73
2010-12-15,60.14,61.51
2010-12-14,60.56,60.95
2010-12-13,60.53,60.69
2010-12-10,60.32,60.5
2010-12-09,59.95,60.39
2010-12-08,60.55,60.98
2010-12-07,60.1,61.15
2010-12-06,59.5,60.02
2010-12-03,59.05,59.19
2010-12-02,58.35,59.95
2010-12-01,57.61,59.26
2010-11-30,56.34,57.5
2010-11-29,56.29,56.29
2010-11-26,57.64,58.36
2010-11-25,58.23,59.18
2010-11-24,56.81,58.67
2010-11-23,56.68,56.68
2010-11-22,57.52,57.82
2010-11-19,56.6,57.4
2010-11-18,55.74,57.26
2010-11-17,54.43,55.49
2010-11-16,54.98,54.98
2010-11-15,55.67,57.18
2010-11-12,55.02,56.12
2010-11-11,56.17,56.63
2010-11-10,55.86,56.09
2010-11-09,56.35,57.41
2010-11-08,56.57,56.75
2010-11-05,56.0,57.17
2010-11-04,54.42,56.15
2010-11-03,53.91,54.09
2010-11-02,52.39,54.23
2010-11-01,52.2,52.57
2010-10-29,52.08,52.28
2010-10-28,51.25,52.37
2010-10-27,52.01,52.22
2010-10-26,52.37,52.69
2010-10-25,52.86,53.11
2010-10-22,52.3,52.77
2010-10-21,51.85,52.8
2010-10-20,50.64,51.93
2010-10-19,50.23,50.64
2010-10-18,50.57,51.03
2010-10-15,50.12,50.97
2010-10-13,48.74,49.71
2010-10-12,47.64,48.48
2010-10-11,48.38,48.6
2010-10-08,47.6,48.73
2010-10-07,47.58,47.77
2010-10-06,47.33,48.51
2010-10-05,46.05,47.24
2010-10-04,45.88,46.46
2010-10-01,46.55,46.87
2010-09-30,45.92,46.26
2010-09-29,46.19,46.46
2010-09-28,45.8,46.87
2010-09-27,46.49,46.6
2010-09-24,45.47,46.92
2010-09-23,45.17,45.62
2010-09-22,44.66,45.58
2010-09-21,45.28,45.28
2010-09-20,44.87,45.46
2010-09-17,44.66,44.77
2010-09-16,44.71,45.2
2010-09-15,44.62,45.02
2010-09-14,44.72,45.17
2010-09-13,43.97,44.69
2010-09-10,43.37,43.69
2010-09-09,42.72,43.51
2010-09-08,42.09,43.09
2010-09-07,42.54,43.0
2010-09-06,43.25,43.38
2010-09-03,42.99,43.34
2010-09-02,42.8,43.03
2010-09-01,41.26,43.0
2010-08-31,40.92,41.63
2010-08-30,41.42,41.62
2010-08-27,41.15,42.03
2010-08-26,41.65,41.94
2010-08-25,40.74,41.35
2010-08-24,41.5,41.9
2010-08-23,42.37,42.74
2010-08-20,42.44,42.55
2010-08-19,43.35,43.47
2010-08-18,44.12,44.47
2010-08-17,43.63,44.7
2010-08-16,43.11,43.66
2010-08-13,43.59,43.8
2010-08-12,44.13,44.56
2010-08-11,43.98,44.31
2010-08-10,45.0,45.35
2010-08-09,45.43,45.76
2010-08-06,44.51,44.74
2010-08-05,45.35,45.56
2010-08-04,45.49,46.45
2010-08-03,45.44,45.9
2010-08-02,45.33,46.31
2010-07-30,43.64,44.81
2010-07-29,44.19,44.38
2010-07-28,45.04,45.33
2010-07-27,45.79,46.11
2010-07-26,46.23,46.74
2010-07-23,45.75,46.71
2010-07-22,44.0,45.99
2010-07-21,44.38,44.44
2010-07-20,43.41,44.2
2010-07-19,44.22,44.49
2010-07-16,44.9,44.96
2010-07-15,45.76,45.87
2010-07-14,46.01,46.36
2010-07-13,45.51,46.5
2010-07-12,45.78,46.03
2010-07-09,45.24,45.74
2010-07-08,44.57,45.01
2010-07-07,43.35,44.5
2010-07-06,43.53,44.58
2010-07-05,43.17,43.35
2010-07-02,43.8,43.84
2010-07-01,43.83,43.9
2010-06-30,44.81,45.11
2010-06-29,45.03,45.29
2010-06-28,46.1,47.54
2010-06-25,45.7,46.16
2010-06-24,46.14,46.26
2010-06-23,46.4,46.83
2010-06-22,46.31,46.74
2010-06-21,46.62,46.9
2010-06-18,46.01,46.22
2010-06-17,46.11,46.56
2010-06-16,46.03,46.46
2010-06-15,45.3,45.9
2010-06-14,45.11,45.75
2010-06-11,44.07,44.89
2010-06-10,43.89,44.79
2010-06-09,42.9,44.2
2010-06-08,42.31,43.1
2010-06-07,42.0,42.81
2010-06-04,42.64,42.74
2010-06-03,43.54,43.54
2010-06-02,42.26,42.81
2010-06-01,41.75,43.03
2010-05-31,42.54,43.06
2010-05-28,42.74,42.85
2010-05-27,41.75,43.31
2010-05-26,40.92,41.56
2010-05-25,39.94,40.71
2010-05-24,41.4,41.88
2010-05-21,40.99,42.0
2010-05-20,41.6,42.37
2010-05-19,43.33,43.79
2010-05-18,44.98,45.5
2010-05-17,43.82,44.68
2010-05-14,43.94,44.38
2010-05-13,45.53,45.67
2010-05-12,43.05,45.0
2010-05-11,42.49,43.56
2010-05-10,41.77,43.74
2010-05-07,40.26,41.0
2010-05-06,42.01,42.55
2010-05-05,42.28,42.49
2010-05-04,42.99,43.06
2010-05-03,43.52,44.6
2010-04-30,43.77,43.98
2010-04-29,44.65,45.92
2010-04-28,45.15,46.4
2010-04-27,47.1,47.1
2010-04-26,47.85,48.54
2010-04-23,46.26,47.75
2010-04-22,45.88,46.17
2010-04-21,46.31,46.42
2010-04-20,45.22,46.1
2010-04-19,45.31,45.65
2010-04-16,45.67,45.95
2010-04-15,46.25,46.53
2010-04-14,46.44,46.69
2010-04-13,46.15,46.64
2010-04-12,46.37,46.92
2010-04-09,46.51,46.97
2010-04-08,45.74,46.25
2010-04-07,46.4,46.62
2010-04-06,46.89,47.06
2010-04-01,46.15,47.0
2010-03-31,45.54,45.92
2010-03-30,45.7,45.72
2010-03-29,45.27,45.52
2010-03-26,45.02,45.25
2010-03-25,44.67,45.34
2010-03-24,43.95,44.87
2010-03-23,44.66,44.94
2010-03-22,43.85,44.71
2010-03-19,44.08,44.3
2010-03-18,44.35,44.76
2010-03-17,44.28,44.55
2010-03-16,43.77,44.15
2010-03-15,43.56,43.72
2010-03-12,44.08,44.26
2010-03-11,43.85,44.24
2010-03-10,43.16,44.03
2010-03-09,43.01,43.28
2010-03-08,42.96,43.23
2010-03-05,41.87,43.1
2010-03-04,41.6,41.75
2010-03-03,41.8,42.28
2010-03-02,41.9,42.14
2010-03-01,41.69,42.1
2010-02-26,40.78,41.24
2010-02-25,41.0,41.12
2010-02-24,40.21,40.65
2010-02-23,40.97,41.26
2010-02-22,41.78,41.8
2010-02-19,41.35,42.06
2010-02-18,41.1,42.01
2010-02-17,41.12,41.55
2010-02-16,39.92,40.84
2010-02-15,39.99,40.21
2010-02-12,39.75,40.2
2010-02-11,39.72,40.26
2010-02-10,40.18,40.43
2010-02-09,39.46,40.01
2010-02-08,39.4,40.02
2010-02-05,39.41,39.43
2010-02-04,40.09,40.26
2010-02-03,41.81,42.13
2010-02-02,41.02,42.0
2010-02-01,40.6,41.73
2010-01-29,40.3,41.22
2010-01-28,40.03,40.03
2010-01-27,39.22,40.35
2010-01-26,39.12,39.92
2010-01-25,39.51,40.02
2010-01-22,40.13,40.47
2010-01-21,40.83,40.9
2010-01-20,41.4,41.46
2010-01-19,41.56,42.86
2010-01-18,41.64,42.32
2010-01-15,41.38,41.56
2010-01-14,42.35,42.46
2010-01-13,41.8,42.38
2010-01-12,41.76,41.98
2010-01-11,43.42,43.53
2010-01-08,43.6,44.02
2010-01-07,43.76,44.15
2010-01-06,44.03,44.45
2010-01-05,43.88,44.17
2010-01-04,43.35,44.85
2009-12-31,43.37,43.46
2009-12-30,43.37,43.46
2009-12-29,43.67,43.82
2009-12-28,43.72,43.95
2009-12-24,43.64,43.87
2009-12-23,43.64,43.87
2009-12-22,43.5,43.5
2009-12-21,42.98,43.5
2009-12-18,42.9,42.99
2009-12-17,43.08,43.18
2009-12-16,42.71,43.75
2009-12-15,42.29,43.07
2009-12-14,42.76,42.97
2009-12-11,42.23,43.04
2009-12-10,41.46,42.25
2009-12-09,41.05,41.63
2009-12-08,41.01,41.22
2009-12-07,41.59,42.53
2009-12-04,41.18,41.89
2009-12-03,41.32,41.4
2009-12-02,40.8,41.6
2009-12-01,40.4,40.97
2009-11-30,39.8,40.16
2009-11-27,39.11,40.59
2009-11-26,40.03,40.25
2009-11-25,41.2,41.9
2009-11-24,40.74,41.26
2009-11-23,40.23,41.48
2009-11-20,39.5,39.87
2009-11-19,39.68,39.89
2009-11-18,40.25,40.29
2009-11-17,40.43,40.55
2009-11-16,40.01,41.02
2009-11-13,39.02,39.76
2009-11-12,38.8,39.47
2009-11-11,38.78,39.36
2009-11-10,38.47,38.72
2009-11-09,37.7,38.5
2009-11-06,36.67,37.55
2009-11-05,36.11,37.87
2009-11-04,36.37,36.96
2009-11-03,35.76,36.24
2009-11-02,35.92,36.44
2009-10-30,36.2,36.5
2009-10-29,35.0,37.42
2009-10-28,36.86,37.0
2009-10-27,37.52,38.24
2009-10-26,38.05,38.29
2009-10-23,38.96,39.16
2009-10-22,39.0,39.5
2009-10-21,38.89,40.4
2009-10-20,40.02,40.02
2009-10-19,39.45,40.82
2009-10-16,39.07,39.4
2009-10-15,39.8,40.11
2009-10-14,38.62,40.61
2009-10-13,37.62,37.82
2009-10-12,37.61,38.35
2009-10-09,36.83,37.49
2009-10-08,36.73,37.47
2009-10-07,35.9,36.24
2009-10-06,34.7,36.12
2009-10-05,33.94,34.69
2009-10-02,33.76,34.15
2009-10-01,34.66,34.73
2009-09-30,35.38,36.21
2009-09-29,35.74,36.07
2009-09-28,34.38,36.35
2009-09-25,34.95,35.26
2009-09-24,35.51,35.75
2009-09-23,36.02,36.45
2009-09-22,36.58,36.8
2009-09-21,36.08,36.41
2009-09-18,36.27,36.98
2009-09-17,36.23,36.55
2009-09-16,35.89,36.57
2009-09-15,35.52,35.94
2009-09-14,35.32,35.81
2009-09-11,35.56,36.18
2009-09-10,35.49,35.91
2009-09-09,35.72,36.49
2009-09-08,35.87,36.47
2009-09-07,35.2,35.97
2009-09-04,34.46,34.96
2009-09-03,34.28,34.58
2009-09-02,34.96,35.9
2009-09-01,36.13,36.13
2009-08-31,35.89,36.39
2009-08-28,36.61,36.96
2009-08-27,35.94,36.31
2009-08-26,36.62,36.86
2009-08-25,36.44,38.13
2009-08-24,36.6,36.78
2009-08-21,34.78,36.2
2009-08-20,34.81,35.41
2009-08-19,33.72,34.49
2009-08-18,33.94,34.46
2009-08-17,33.61,33.96
2009-08-14,34.55,34.77
2009-08-13,34.65,36.01
2009-08-12,33.73,34.57
2009-08-11,34.11,34.57
2009-08-10,34.7,35.27
2009-08-07,34.41,35.25
2009-08-06,34.79,35.09
2009-08-05,35.18,35.63
2009-08-04,35.0,35.68
2009-08-03,34.8,36.15
2009-07-31,33.77,35.16
2009-07-30,32.55,34.2
2009-07-29,33.85,34.81
2009-07-28,33.22,33.83
2009-07-27,33.7,33.96
2009-07-24,33.51,34.29
2009-07-23,32.97,34.4
2009-07-22,32.38,33.25
2009-07-21,31.8,32.73
2009-07-20,31.72,31.99
2009-07-17,31.3,31.71
2009-07-16,30.67,31.5
2009-07-15,29.79,31.06
2009-07-14,28.71,29.69
2009-07-13,27.45,29.04
2009-07-10,27.58,27.66
2009-07-09,27.57,27.75
2009-07-08,27.4,27.5
2009-07-07,27.51,27.55
2009-07-06,27.46,27.6
2009-07-03,27.33,27.66
2009-07-02,27.61,27.61
2009-07-01,28.41,29.11
2009-06-30,28.28,28.33
2009-06-29,28.02,29.12
2009-06-26,27.75,28.02
2009-06-25,27.55,28.17
2009-06-24,27.86,28.88
2009-06-23,27.4,28.0
2009-06-22,28.05,28.08
2009-06-19,28.7,29.03
2009-06-18,28.33,28.98
2009-06-17,28.92,29.28
2009-06-16,30.31,30.44
2009-06-15,30.66,30.82
2009-06-12,31.23,31.59
2009-06-11,30.9,31.45
2009-06-10,30.86,31.04
2009-06-09,30.6,30.79
2009-06-08,30.43,30.9
2009-06-05,31.32,31.34
2009-06-04,31.1,31.3
2009-06-03,31.53,31.78
2009-06-02,31.32,31.9
2009-06-01,30.37,31.89
2009-05-29,29.59,29.75
2009-05-28,29.42,29.94
2009-05-27,30.02,30.43
2009-05-26,28.88,30.48
2009-05-25,29.14,29.97
2009-05-22,29.37,29.93
2009-05-21,29.55,29.69
2009-05-20,28.94,30.69
2009-05-19,28.72,29.1
2009-05-18,27.27,28.73
2009-05-15,27.21,27.9
2009-05-14,27.08,27.4
2009-05-13,27.29,28.13
2009-05-12,29.09,29.41
2009-05-11,28.76,29.2
2009-05-08,29.04,29.52
2009-05-07,28.64,28.83
2009-05-06,28.64,29.22
2009-05-05,28.74,29.0
2009-05-04,27.12,29.05
2009-05-01,28.57,28.57
2009-04-30,28.13,28.57
2009-04-29,26.1,26.61
2009-04-28,26.27,26.82
2009-04-27,26.3,27.31
2009-04-24,25.86,27.13
2009-04-23,25.37,25.79
2009-04-22,25.35,26.5
2009-04-21,25.15,25.86
2009-04-20,25.83,26.06
2009-04-17,26.77,27.14
2009-04-16,26.72,27.07
2009-04-15,26.87,27.23
2009-04-14,26.56,27.72
2009-04-10,26.89,26.89
2009-04-09,25.37,26.89
2009-04-08,24.51,25.24
2009-04-07,24.76,25.21
2009-04-06,25.35,25.69
2009-04-03,24.52,25.96
2009-04-02,23.71,24.83
2009-04-01,22.17,23.08
2009-03-31,22.34,22.79
2009-03-30,22.24,22.24
2009-03-27,23.44,23.79
2009-03-26,23.7,24.26
2009-03-25,23.72,24.33
2009-03-24,24.36,24.79
2009-03-23,23.8,24.56
2009-03-20,23.11,23.95
2009-03-19,23.46,23.65
2009-03-18,23.29,23.55
2009-03-17,23.6,23.96
2009-03-16,23.94,24.31
2009-03-13,24.13,24.26
2009-03-12,23.05,24.33
2009-03-11,22.41,23.74
2009-03-10,20.63,22.72
2009-03-09,20.07,20.77
2009-03-06,20.17,20.74
2009-03-05,20.75,20.8
2009-03-04,20.93,22.25
2009-03-03,20.62,20.71
2009-03-02,20.82,20.99
2009-02-27,21.29,21.96
2009-02-26,21.32,22.62
2009-02-25,20.53,21.07
2009-02-24,20.8,21.72
2009-02-23,21.24,21.45
2009-02-20,21.74,21.74
2009-02-19,22.63,22.93
2009-02-18,22.66,23.2
2009-02-17,22.93,23.23
2009-02-16,24.05,24.4
2009-02-13,24.31,24.58
2009-02-12,23.65,24.05
2009-02-11,24.35,24.96
2009-02-10,25.02,25.02
2009-02-09,25.52,26.29
2009-02-06,23.88,26.1
2009-02-05,23.25,24.09
2009-02-04,22.53,24.3
2009-02-03,21.55,22.57
2009-02-02,21.63,22.26
2009-01-30,22.55,22.72
2009-01-29,22.64,23.63
2009-01-28,22.26,22.86
2009-01-27,21.79,22.16
2009-01-26,21.7,22.41
2009-01-23,21.15,21.86
2009-01-22,22.7,22.78
2009-01-21,22.3,23.01
2009-01-20,22.49,22.85
2009-01-19,22.18,22.68
2009-01-16,23.33,23.76
2009-01-15,22.61,23.18
2009-01-14,23.83,24.06
2009-01-13,24.77,25.44
2009-01-12,25.37,25.57
2009-01-09,25.35,25.72
2009-01-08,25.95,26.65
2009-01-07,26.36,26.49
2009-01-06,27.24,27.49
2009-01-05,27.43,27.59
2009-01-02,27.37,27.9
2009-01-01,27.73,27.73
2008-12-31,27.73,27.73
2008-12-30,26.98,27.73
2008-12-29,25.93,26.85
2008-12-26,26.0,26.0
2008-12-25,26.0,26.0
2008-12-24,26.0,26.0
2008-12-23,25.74,26.0
2008-12-22,25.58,26.25
2008-12-19,25.74,26.43
2008-12-18,26.2,26.66
2008-12-17,25.8,26.42
2008-12-16,25.32,26.38
2008-12-15,24.71,25.3
2008-12-12,24.01,25.07
2008-12-11,25.03,25.66
2008-12-10,25.43,26.3
2008-12-09,24.21,25.44
2008-12-08,23.69,24.66
2008-12-05,22.07,22.61
2008-12-04,22.66,23.62
2008-12-03,22.14,23.14
2008-12-02,22.1,23.84
2008-12-01,23.04,23.28
2008-11-28,24.25,25.1
2008-11-27,24.52,25.15
2008-11-26,23.74,24.5
2008-11-25,23.26,25.19
2008-11-24,21.41,24.23
2008-11-21,21.39,21.68
2008-11-20,20.88,22.46
2008-11-19,20.54,21.96
2008-11-18,24.58,25.43
2008-11-17,25.16,25.55
2008-11-14,25.83,25.88
2008-11-13,24.9,25.72
2008-11-12,25.0,25.4
2008-11-11,25.8,26.18
2008-11-10,26.88,27.49
2008-11-07,25.0,26.08
2008-11-06,25.27,25.41
2008-11-05,27.07,27.95
2008-11-04,26.9,29.23
2008-11-03,26.54,27.54
2008-10-31,23.88,26.07
2008-10-30,22.52,24.06
2008-10-29,22.69,24.61
2008-10-28,17.85,20.63
2008-10-27,19.77,19.95
2008-10-24,20.51,22.38
2008-10-23,22.91,23.44
2008-10-22,23.54,23.8
2008-10-21,24.73,25.0
2008-10-20,24.21,24.79
2008-10-17,23.82,24.52
2008-10-16,23.52,23.96
2008-10-15,25.92,26.34
2008-10-14,28.72,29.1
2008-10-13,26.55,28.45
2008-10-10,23.43,25.55
2008-10-09,27.9,28.43
2008-10-08,26.41,28.3
2008-10-07,30.2,31.24
2008-10-06,31.02,31.7
2008-10-03,32.14,33.26
2008-10-02,31.39,32.5
2008-10-01,33.08,33.69
2008-09-30,32.91,33.75
2008-09-29,33.37,33.64
2008-09-26,34.65,34.97
2008-09-25,34.66,35.29
2008-09-24,34.07,34.57
2008-09-23,34.0,34.4
2008-09-22,34.2,34.2
2008-09-19,33.12,34.98
2008-09-18,32.63,32.81
2008-09-17,33.25,33.83
2008-09-16,34.69,35.16
2008-09-15,35.89,36.24
2008-09-12,37.41,37.81
2008-09-11,36.96,37.41
2008-09-10,37.0,37.44
2008-09-09,37.3,37.75
2008-09-08,38.32,38.5
2008-09-05,37.95,38.17
2008-09-04,38.87,39.03
2008-09-03,39.52,39.71
2008-09-02,39.05,39.9
2008-09-01,39.0,39.42
2008-08-29,39.13,39.38
2008-08-28,38.54,39.25
2008-08-27,39.01,39.35
2008-08-26,38.9,39.46
2008-08-25,39.14,39.26
2008-08-22,38.96,39.5
2008-08-21,39.15,39.28
2008-08-20,39.57,39.72
2008-08-19,39.44,39.85
2008-08-18,39.55,39.99
2008-07-28,41.26,41.26
2008-07-25,40.73,41.81
2008-07-24,41.17,41.35
2008-07-23,42.0,42.13
2008-07-22,41.21,42.1
2008-07-21,40.92,41.44
2008-07-18,40.69,41.25
2008-07-17,40.27,40.93
2008-07-16,40.07,40.5
2008-07-15,40.12,40.36
2008-07-14,40.5,40.69
2008-07-11,40.22,40.56
2008-07-10,40.84,41.23
2008-07-09,41.24,41.49
2008-07-08,41.6,41.86
2008-07-07,42.02,42.73
2008-07-04,42.07,42.2
2008-07-03,41.81,42.61
2008-07-02,42.7,42.77
2008-07-01,42.89,43.32
2008-06-30,43.25,43.82
2008-06-27,43.79,44.12
2008-06-26,88.18,88.58
2008-06-25,88.88,89.68
2008-06-24,89.01,90.07
2008-06-23,89.92,90.6
2008-06-20,89.75,89.81
2008-06-19,91.75,92.38
2008-06-18,92.6,92.65
2008-06-17,93.43,94.39
2008-06-16,92.86,93.47
2008-06-13,93.25,94.86
2008-06-12,93.65,94.21
2008-06-11,92.95,92.95
2008-06-10,93.99,93.99
2008-06-09,93.92,96.12
2008-06-06,94.14,94.42
2008-06-05,96.04,96.25
2008-06-04,95.5,96.69
2008-06-03,95.02,96.7
2008-06-02,95.21,95.21
2008-05-30,95.74,96.37
2008-05-29,94.66,95.37
2008-05-28,93.5,95.18
2008-05-27,93.29,93.8
2008-05-26,93.08,94.07
2008-05-23,93.2,93.35
2008-05-22,93.2,94.22
2008-05-21,93.11,94.16
2008-05-20,92.45,93.07
2008-05-19,92.28,93.36
2008-05-16,91.51,92.83
2008-05-15,90.36,91.64
2008-05-14,90.6,91.24
2008-05-13,89.77,91.29
2008-05-12,89.08,89.78
2008-05-09,88.83,89.09
2008-05-08,89.87,90.45
2008-05-07,90.43,90.78
2008-05-06,90.12,91.17
2008-05-05,90.4,91.6
2008-05-02,90.7,90.92
2008-04-30,90.25,91.65
2008-04-29,89.9,90.73
2008-04-28,89.88,90.41
2008-04-25,89.75,90.05
2008-04-24,91.25,93.83
2008-04-23,91.6,92.98
2008-04-22,90.95,91.87
2008-04-21,92.58,93.02
2008-04-18,91.51,93.45
2008-04-17,90.9,91.65
2008-04-16,90.07,91.5
2008-04-15,89.02,90.1
2008-04-14,87.69,88.56
2008-04-11,88.35,89.03
2008-04-10,87.77,89.99
2008-04-09,88.45,89.09
2008-04-08,88.5,89.35
2008-04-07,89.09,89.24
2008-04-04,88.04,88.86
2008-04-03,88.06,88.81
2008-04-02,87.06,88.58
2008-04-01,84.71,87.15
2008-03-31,84.05,85.31
2008-03-28,84.43,84.89
2008-03-27,84.11,85.93
2008-03-26,83.86,84.03
2008-03-25,84.74,85.57
2008-03-24,83.73,83.73
2008-03-21,83.73,83.73
2008-03-20,83.65,83.73
2008-03-19,84.72,85.16
2008-03-18,83.84,85.68
2008-03-17,81.7,83.14
2008-03-14,83.15,83.7
2008-03-13,82.58,84.01
2008-03-12,84.0,84.48
2008-03-11,82.24,84.38
2008-03-10,82.01,82.58
2008-03-07,82.1,83.28
2008-03-06,83.76,84.35
2008-03-05,82.12,84.85
2008-03-04,81.7,82.07
2008-03-03,82.24,83.63
2008-02-29,83.06,83.98
2008-02-28,84.93,85.2
2008-02-27,84.91,86.5
2008-02-26,84.9,86.55
2008-02-25,84.55,85.02
2008-02-22,83.95,84.53
2008-02-21,84.77,85.33
2008-02-20,85.83,86.87
2008-02-19,86.26,88.26
2008-02-18,86.01,87.0
2008-02-15,84.86,85.54
2008-02-14,86.99,87.23
2008-02-13,85.38,86.74
2008-02-12,83.84,86.47
2008-02-11,82.61,84.08
2008-02-08,83.19,83.95
2008-02-07,83.23,84.15
2008-02-06,83.86,85.83
2008-02-05,84.33,85.06
2008-02-04,87.01,87.55
2008-02-01,87.47,87.93
2008-01-31,84.21,87.21
2008-01-30,84.82,85.56
2008-01-29,82.6,85.99
2008-01-28,81.55,83.16
2008-01-25,83.51,84.26
2008-01-24,82.87,84.46
2008-01-23,79.1,80.51
2008-01-22,79.14,85.5
2008-01-21,84.34,85.0
2008-01-18,91.53,91.95
2008-01-17,94.21,94.87
2008-01-16,95.25,95.55
2008-01-15,98.3,98.84
2008-01-14,99.01,99.47
2008-01-11,98.44,99.84
2008-01-10,99.78,99.78
2008-01-09,102.72,104.82
2008-01-08,103.61,103.97
2008-01-07,101.52,104.2
2008-01-04,101.06,102.17
2008-01-03,100.81,101.6
2008-01-02,100.46,100.94
2008-01-01,101.41,101.41
2007-12-31,101.41,101.41
2007-12-28,100.5,101.41
2007-12-27,100.7,101.61
2007-12-26,101.08,101.08
2007-12-25,101.08,101.08
2007-12-24,101.08,101.08
2007-12-21,99.02,101.08
2007-12-20,97.75,98.68
2007-12-19,96.25,97.86
2007-12-18,96.68,97.38
2007-12-17,96.22,97.17
2007-12-14,97.19,98.23
2007-12-13,97.37,98.5
2007-12-12,96.34,98.12
2007-12-11,96.11,96.74
2007-12-10,95.81,96.49
2007-12-07,96.69,97.2
2007-12-06,95.83,96.75
2007-12-05,95.0,96.35
2007-12-04,94.1,94.45
2007-12-03,94.24,94.56
2007-11-30,93.65,94.76
2007-11-29,93.06,94.16
2007-11-28,90.66,93.41
2007-11-27,89.55,90.72
2007-11-26,91.53,91.85
2007-11-23,91.97,92.61
2007-11-22,91.36,92.62
2007-11-21,89.56,91.41
2007-11-20,87.6,90.71
2007-11-19,86.62,87.44
2007-11-16,89.61,90.16
2007-11-15,90.74,91.06
2007-11-14,92.8,92.9
2007-11-13,91.19,92.28
2007-11-12,91.03,91.47
2007-11-09,92.24,92.8
2007-11-08,92.8,93.37
2007-11-07,92.8,94.09
2007-11-06,92.77,93.7
2007-11-05,92.0,92.85
2007-11-02,91.56,92.89
2007-11-01,92.52,93.1
2007-10-31,94.9,95.5
2007-10-30,95.77,95.91
2007-10-29,97.41,98.34
2007-10-26,97.38,97.85
2007-10-25,95.5,97.55
2007-10-24,95.63,95.8
2007-10-23,95.06,96.64
2007-10-22,95.0,95.43
2007-10-19,95.27,96.57
2007-10-18,95.37,95.63
2007-10-17,95.43,95.98
2007-10-16,94.84,95.34
2007-10-15,94.8,95.01
2007-10-12,94.55,95.61
2007-10-11,95.0,95.16
2007-10-10,94.99,95.26
2007-10-09,95.91,96.08
2007-10-08,96.03,97.08
2007-10-05,95.0,95.97
2007-10-04,94.6,95.12
2007-10-03,94.96,95.5
2007-10-02,95.32,95.67
2007-10-01,96.5,97.15
2007-09-28,95.75,97.0
2007-09-27,96.6,97.12
2007-09-26,96.43,96.65
2007-09-25,96.25,97.68
2007-09-24,95.71,97.22
2007-09-21,95.4,96.04
2007-09-20,96.03,96.19
2007-09-19,95.6,96.39
2007-09-18,92.79,94.84
2007-09-17,92.4,93.49
2007-09-14,92.33,93.01
2007-09-13,91.75,93.34
2007-09-12,91.96,92.54
2007-09-11,92.29,92.75
2007-09-10,91.71,92.01
2007-09-07,93.01,93.5
2007-09-06,94.4,95.25
2007-09-05,95.14,95.27
2007-09-04,95.4,97.61
2007-09-03,96.21,96.59
2007-08-31,95.3,97.13
2007-08-30,93.6,95.51
2007-08-29,91.7,94.08
2007-08-28,92.44,92.85
2007-08-27,92.7,93.14
2007-08-24,91.78,92.7
2007-08-23,92.63,92.68
2007-08-22,91.58,92.34
2007-08-21,90.16,92.17
2007-08-20,89.67,90.63
2007-08-17,87.0,90.08
2007-08-16,88.82,90.08
2007-08-15,90.33,92.06
2007-08-14,91.52,91.87
2007-08-13,91.76,93.5
2007-08-10,88.39,91.5
2007-08-09,91.38,91.66
2007-08-08,93.61,94.43
2007-08-07,93.1,94.16
2007-08-06,91.69,93.67
2007-08-03,91.57,91.85
2007-08-02,92.5,93.9
2007-08-01,92.61,93.15
2007-07-31,93.82,95.3
2007-07-30,91.09,93.82
2007-07-27,90.25,91.73
2007-07-26,94.0,94.0
2007-07-25,94.5,94.84
2007-07-24,96.03,96.1
2007-07-23,96.87,97.88
2007-07-20,96.98,97.53
2007-07-19,97.36,98.6
2007-07-18,97.4,97.73
2007-07-17,98.23,99.45
2007-07-16,98.74,99.22
2007-07-13,98.02,98.93
2007-07-12,95.34,97.11
2007-07-11,95.0,95.84
2007-07-10,96.0,96.9
2007-07-09,98.72,99.16
2007-07-06,96.11,98.64
2007-07-05,96.26,96.6
2007-07-04,97.05,97.34
2007-07-03,96.95,97.52
2007-07-02,95.86,96.09
2007-06-29,95.12,97.24
2007-06-28,93.1,94.8
2007-06-27,91.63,92.67
2007-06-26,91.62,92.82
2007-06-25,92.53,93.73
2007-06-22,93.96,94.66
2007-06-21,93.91,94.61
2007-06-20,95.11,96.36
2007-06-19,93.71,94.66
2007-06-18,92.14,94.03
2007-06-15,89.55,92.04
2007-06-14,87.72,89.28
2007-06-13,87.01,87.72
2007-06-12,87.21,88.23
2007-06-11,86.5,88.12
2007-06-08,85.43,86.62
2007-06-07,86.42,86.85
2007-06-06,87.65,88.44
2007-06-05,91.81,92.26
2007-06-04,91.4,92.23
2007-06-01,92.11,92.45
2007-05-31,89.94,92.04
2007-05-30,89.01,89.99
2007-05-29,90.0,90.5
2007-05-28,90.89,90.89
2007-05-25,89.8,90.89
2007-05-24,90.06,90.57
2007-05-23,90.3,90.65
2007-05-22,90.67,91.36
2007-05-21,89.5,91.32
2007-05-18,87.92,90.08
2007-05-17,88.06,88.41
2007-05-16,87.96,88.44
2007-05-15,87.01,88.35
2007-05-14,87.47,87.77
2007-05-11,86.06,87.68
2007-05-10,87.13,87.46
2007-05-09,87.63,87.93
2007-05-08,86.97,87.72
2007-05-07,87.84,88.46
2007-05-04,86.89,88.22
2007-05-03,86.28,87.67
2007-05-02,85.9,87.15
2007-05-01,87.43,87.43
2007-04-30,86.64,87.43
2007-04-27,85.41,87.74
2007-04-26,88.24,88.47
2007-04-25,88.59,90.21
2007-04-24,88.08,88.77
2007-04-23,88.74,89.15
2007-04-20,88.19,89.61
2007-04-19,87.45,88.9
2007-04-18,88.19,89.32
2007-04-17,89.15,90.15
2007-04-16,88.61,90.9
2007-04-13,86.36,89.22
2007-04-12,85.78,86.44
2007-04-11,86.54,86.9
2007-04-10,86.62,87.77
2007-04-09,86.77,86.77
2007-04-06,86.77,86.77
2007-04-05,85.3,86.77
2007-04-04,84.76,85.84
2007-04-03,83.64,84.99
2007-04-02,83.78,84.17
2007-03-30,82.68,84.28
2007-03-29,82.55,83.75
2007-03-28,81.05,82.47
2007-03-27,79.77,81.47
2007-03-26,78.52,79.75
2007-03-23,78.88,79.0
2007-03-22,78.87,79.37
2007-03-21,77.39,78.03
2007-03-20,77.08,77.96
2007-03-19,76.42,77.36
2007-03-16,75.92,76.32
2007-03-15,76.08,77.04
2007-03-14,75.3,75.42
2007-03-13,77.41,77.54
2007-03-12,78.04,78.94
2007-03-09,77.75,78.71
2007-03-08,77.82,78.46
2007-03-07,76.76,78.0
2007-03-06,75.82,77.11
2007-03-05,74.42,76.07
2007-03-02,76.24,76.82
2007-03-01,75.75,76.66
2007-02-28,75.69,76.85
2007-02-27,77.67,77.87
2007-02-26,78.59,80.14
2007-02-23,79.06,79.17
2007-02-22,78.45,79.94
2007-02-21,75.65,75.85
2007-02-20,75.22,76.11
2007-02-19,75.76,75.99
2007-02-16,76.13,76.22
2007-02-15,75.9,76.71
2007-02-14,76.1,77.0
2007-02-13,76.35,76.81
2007-02-12,75.94,76.5
2007-02-09,76.42,77.0
2007-02-08,75.57,76.26
2007-02-07,76.04,76.74
2007-02-06,75.68,76.8
2007-02-05,74.95,75.5
2007-02-02,75.05,75.64
2007-02-01,74.05,75.68
2007-01-31,72.76,73.93
2007-01-30,72.01,73.04
2007-01-29,72.78,72.78
2007-01-26,71.31,71.95
2007-01-25,71.65,71.96
2007-01-24,72.18,72.82
2007-01-23,71.57,72.22
2007-01-22,72.43,72.65
2007-01-19,72.38,73.46
2007-01-18,72.91,73.18
2007-01-17,73.6,73.93
2007-01-16,73.63,73.9
2007-01-15,73.73,73.89
2007-01-12,72.6,73.56
2007-01-11,71.57,72.78
2007-01-10,71.28,72.01
2007-01-09,73.23,73.42
2007-01-08,72.61,72.95
2007-01-05,73.0,73.15
2007-01-04,73.34,73.66
2007-01-03,74.43,74.47
2007-01-02,74.1,74.82
2007-01-01,73.85,73.85
2006-12-29,73.71,73.85
2006-12-28,74.01,74.24
2006-12-27,73.1,74.18
2006-12-26,72.94,72.94
2006-12-25,72.94,72.94
2006-12-22,72.85,72.94
2006-12-21,73.08,73.53
2006-12-20,72.18,73.46
2006-12-19,71.88,72.06
2006-12-18,72.33,72.56
2006-12-15,71.82,72.57
2006-12-14,71.5,71.63
2006-12-13,71.25,71.63
2006-12-12,70.92,71.32
2006-12-11,70.67,71.01
2006-12-08,70.25,71.01
2006-12-07,70.11,70.74
2006-12-06,69.9,70.47
2006-12-05,69.2,70.35
2006-12-04,69.0,69.5
2006-12-01,68.75,69.0
2006-11-30,69.55,69.68
2006-11-29,69.55,70.25
2006-11-28,69.05,69.65
2006-11-27,69.26,69.35
2006-11-24,69.91,70.71
2006-11-23,70.25,71.6
2006-11-22,70.0,70.2
2006-11-21,69.81,70.31
2006-11-20,69.82,70.0
2006-11-17,70.0,70.48
2006-11-16,70.07,70.39
2006-11-15,70.48,70.68
2006-11-14,69.81,70.48
2006-11-13,69.36,69.85
2006-11-10,68.34,70.0
2006-11-09,67.77,68.72
2006-11-08,67.84,68.6
2006-11-07,67.55,68.26
2006-11-06,67.1,67.98
2006-11-03,67.11,67.3
2006-11-02,67.3,67.85
2006-11-01,68.54,68.57
2006-10-31,68.51,69.06
2006-10-30,67.85,68.95
2006-10-27,68.2,68.92
2006-10-26,67.63,68.51
2006-10-25,67.1,67.53
2006-10-24,67.0,67.42
2006-10-23,66.88,67.44
2006-10-20,66.52,66.85
2006-10-19,65.83,66.36
2006-10-18,65.17,66.21
2006-10-17,64.92,65.12
2006-10-16,65.46,65.82
2006-10-13,65.4,65.68
2006-10-12,65.07,65.77
2006-10-11,64.44,65.33
2006-10-10,65.0,65.13
2006-10-09,64.3,65.14
2006-10-06,64.26,64.68
2006-10-05,64.55,64.76
2006-10-04,63.3,64.41
2006-10-03,63.08,63.62
2006-10-02,63.24,63.74
2006-09-29,62.75,63.15
2006-09-28,62.76,62.91
2006-09-27,62.72,63.34
2006-09-26,62.63,63.09
2006-09-25,62.04,62.36
2006-09-22,62.05,62.34
2006-09-21,62.05,63.04
2006-09-20,61.39,62.22
2006-09-19,61.28,61.36
2006-09-18,61.99,62.1
2006-09-15,62.3,62.47
2006-09-14,62.14,62.43
2006-09-13,62.94,63.29
2006-09-12,62.6,63.3
2006-09-11,62.49,63.08
2006-09-08,63.07,63.34
2006-09-07,62.5,62.88
2006-09-06,63.06,63.41
2006-09-05,64.26,64.64
2006-09-04,64.66,64.93
2006-09-01,64.04,64.65
2006-08-31,64.16,64.33
2006-08-30,64.1,64.78
2006-08-29,63.8,63.94
2006-08-28,63.2,64.12
2006-08-25,63.24,63.67
2006-08-24,62.33,63.34
2006-08-23,62.4,62.69
2006-08-22,62.85,63.13
2006-08-21,62.83,63.1
2006-08-18,62.94,63.47
2006-08-17,62.84,63.39
2006-08-16,62.18,62.8
2006-08-15,61.41,62.65
2006-08-14,61.63,61.9
2006-08-11,61.09,61.59
2006-08-10,61.18,61.51
2006-08-09,61.25,62.39
2006-08-08,61.3,61.5
2006-08-07,61.06,61.49
2006-08-04,61.72,62.55
2006-08-03,61.5,62.11
2006-08-02,61.35,62.38
2006-08-01,62.25,62.4
2006-07-31,62.36,63.01
2006-07-28,61.85,62.66
2006-07-27,62.27,63.07
2006-07-26,62.43,62.89
2006-07-25,62.04,62.35
2006-07-24,61.3,62.37
2006-07-21,60.71,61.27
2006-07-20,61.4,61.87
2006-07-19,60.42,61.86
2006-07-18,60.38,60.75
2006-07-17,60.11,60.77
2006-07-14,60.69,60.69
2006-07-13,61.4,61.88
2006-07-12,62.29,62.79
2006-07-11,62.02,62.34
2006-07-10,61.9,62.98
2006-07-07,61.84,62.55
2006-07-06,61.68,62.57
2006-07-05,61.9,62.33
2006-07-04,63.06,63.72
2006-07-03,62.7,63.36
2006-06-30,62.06,62.78
2006-06-29,60.1,61.68
2006-06-28,59.74,59.89
2006-06-27,59.85,60.12
2006-06-26,60.59,60.76
2006-06-23,60.69,60.91
2006-06-22,60.39,60.72
2006-06-21,59.6,60.46
2006-06-20,58.7,60.1
2006-06-19,59.34,59.46
2006-06-16,59.16,59.16
2006-06-15,59.16,59.16
2006-06-14,58.65,59.16
2006-06-13,58.1,58.97
2006-06-12,59.52,59.92
2006-06-09,60.62,61.11
2006-06-08,60.85,60.86
2006-06-07,61.66,62.61
2006-06-06,61.83,62.16
2006-06-05,61.85,62.69
2006-06-02,63.0,63.15
2006-06-01,62.35,63.22
2006-05-31,61.82,63.5
2006-05-30,62.7,63.01
2006-05-29,64.34,64.55
2006-05-26,64.11,64.99
2006-05-25,63.01,64.5
2006-05-24,62.25,62.96
2006-05-23,62.38,63.68
2006-05-22,61.68,62.22
2006-05-19,63.15,63.79
2006-05-18,62.96,63.55
2006-05-17,62.71,63.37
2006-05-16,64.76,65.43
2006-05-15,64.7,65.61
2006-05-12,66.19,66.25
2006-05-11,67.8,67.95
2006-05-10,67.4,67.78
2006-05-09,68.03,68.84
2006-05-08,67.93,68.0
2006-05-05,67.32,68.74
2006-05-04,68.1,69.01
2006-05-03,67.36,67.41
2006-05-02,67.12,68.75
2006-04-28,67.5,67.96
2006-04-27,67.28,68.26
2006-04-26,68.07,69.05
2006-04-25,67.87,68.56
2006-04-24,68.73,69.47
2006-04-21,67.96,69.49
2006-04-20,65.27,67.55
2006-04-19,64.58,65.37
2006-04-18,63.56,64.29
2006-04-17,64.15,64.15
2006-04-14,64.15,64.15
2006-04-13,63.0,64.15
2006-04-12,63.02,63.44
2006-04-11,63.12,63.6
2006-04-10,63.45,64.09
2006-04-07,63.45,63.63
2006-04-06,63.91,64.48
2006-04-05,64.13,64.3
2006-04-04,64.45,64.75
2006-04-03,64.39,65.13
2006-03-31,64.63,64.7
2006-03-30,64.61,65.34
2006-03-29,64.0,64.4
2006-03-28,63.78,64.31
2006-03-27,64.7,64.72
2006-03-24,64.08,65.95
2006-03-23,63.76,64.3
2006-03-22,62.78,64.04
2006-03-21,62.7,63.32
2006-03-20,63.01,63.48
2006-03-17,62.45,62.78
2006-03-16,62.72,63.42
2006-03-15,62.13,62.8
2006-03-14,62.05,62.56
2006-03-13,62.11,62.4
2006-03-10,61.71,62.82
2006-03-09,62.1,62.52
2006-03-08,61.96,62.15
2006-03-07,61.15,62.31
2006-03-06,61.06,61.65
2006-03-03,62.18,62.3
2006-03-02,62.85,63.39
2006-03-01,63.3,63.87
2006-02-28,63.26,63.26
2006-02-27,63.68,64.18
2006-02-24,62.86,63.56
2006-02-23,62.56,62.99
2006-02-22,62.38,63.15
2006-02-21,62.65,63.0
2006-02-20,62.56,62.9
2006-02-17,62.57,62.9
2006-02-16,62.61,63.47
2006-02-15,63.28,63.44
2006-02-14,63.65,64.2
2006-02-13,63.1,63.81
2006-02-10,63.66,63.72
2006-02-09,63.9,64.51
2006-02-08,63.55,63.86
2006-02-07,64.07,64.48
2006-02-06,64.38,64.47
2006-02-03,64.17,64.55
2006-02-02,64.36,64.46
2006-02-01,64.61,65.55
2006-01-31,63.61,64.86
2006-01-30,63.33,63.58
2006-01-27,63.1,64.19
2006-01-26,62.23,62.74
2006-01-25,61.55,62.85
2006-01-24,61.7,61.95
2006-01-23,61.2,62.12
2006-01-20,61.5,61.93
2006-01-19,62.5,62.89
2006-01-18,62.85,63.39
2006-01-17,62.91,63.64
2006-01-16,62.55,63.49
2006-01-13,62.5,62.63
2006-01-12,62.84,63.32
2006-01-11,62.23,63.1
2006-01-10,62.1,62.33
2006-01-09,62.87,62.89
2006-01-06,63.0,63.29
2006-01-05,62.79,63.55
2006-01-04,62.62,63.05
2006-01-03,63.56,63.9
2006-01-02,64.53,64.83
2005-12-30,64.09,64.71
2005-12-29,65.1,65.33
2005-12-28,64.71,65.1
2005-12-27,64.43,65.12
2005-12-26,64.93,64.93
2005-12-23,64.62,64.93
2005-12-22,64.24,64.8
2005-12-21,64.2,64.92
2005-12-20,63.67,64.19
2005-12-19,63.73,63.92
2005-12-16,63.25,64.44
2005-12-15,63.1,63.26
2005-12-14,62.41,62.95
2005-12-13,62.3,62.73
2005-12-12,62.54,62.83
2005-12-09,62.5,63.1
2005-12-08,62.23,63.1
2005-12-07,62.56,62.86
2005-12-06,63.01,63.5
2005-12-05,62.88,63.29
2005-12-02,63.21,63.87
2005-12-01,62.87,63.77
2005-11-30,62.37,62.65
2005-11-29,62.22,62.7
2005-11-28,62.2,62.5
2005-11-25,62.44,62.8
2005-11-24,62.11,62.68
2005-11-23,61.85,62.46
2005-11-22,61.74,62.17
2005-11-21,61.63,62.08
2005-11-18,61.18,61.32
2005-11-17,60.9,61.13
2005-11-16,60.78,60.98
2005-11-15,61.06,61.65
2005-11-14,60.51,61.17
2005-11-11,60.18,60.93
2005-11-10,59.28,59.5
2005-11-09,59.27,60.0
2005-11-08,58.93,59.28
2005-11-07,58.8,59.73
2005-11-04,58.79,59.02
2005-11-03,59.06,59.5
2005-11-02,58.15,59.19
2005-11-01,59.7,60.0
2005-10-31,59.22,60.15
2005-10-28,58.02,58.79
2005-10-27,58.12,58.37
2005-10-26,59.15,59.88
2005-10-25,59.32,59.32
2005-10-24,58.72,60.25
2005-10-21,58.72,58.78
2005-10-20,59.31,59.55
2005-10-19,58.98,59.3
2005-10-18,60.26,60.38
2005-10-17,60.42,60.58
2005-10-14,60.96,61.44
2005-10-13,61.27,61.53
2005-10-12,61.5,61.83
2005-10-11,62.8,62.88
2005-10-10,63.02,63.4
2005-10-07,62.01,62.88
2005-10-06,62.1,62.7
2005-10-05,63.55,63.6
2005-10-04,63.55,64.6
2005-10-03,62.65,63.94
2005-09-30,61.64,62.5
2005-09-29,61.23,61.4
2005-09-28,60.95,61.71
2005-09-27,60.36,60.54
2005-09-26,59.69,61.18
2005-09-23,58.63,59.09
2005-09-22,58.35,58.39
2005-09-21,58.94,59.0
2005-09-20,59.88,60.37
2005-09-19,59.06,59.85
2005-09-16,59.42,60.4
2005-09-15,59.12,59.46
2005-09-14,59.3,59.65
2005-09-13,59.26,59.52
2005-09-12,60.36,60.75
2005-09-09,59.81,60.1
2005-09-08,59.6,59.99
2005-09-07,59.21,59.84
2005-09-06,58.32,59.45
2005-09-05,58.02,58.67
2005-09-02,57.44,57.99
2005-09-01,57.1,57.6
2005-08-31,56.55,56.79
2005-08-30,56.32,56.52
2005-08-29,53.99,56.67
2005-08-26,56.15,56.16
2005-08-25,56.78,57.15
2005-08-24,57.24,57.99
2005-08-23,57.84,58.04
2005-08-22,57.58,58.29
2005-08-19,56.9,57.87
2005-08-18,56.77,57.0
2005-08-17,57.01,57.6
2005-08-16,57.02,57.16
2005-08-15,58.05,58.2
2005-08-12,58.17,58.25
2005-08-11,58.62,59.01
2005-08-10,58.64,58.9
2005-08-09,57.7,58.75
2005-08-08,57.59,57.96
2005-08-05,57.59,57.67
2005-08-04,58.33,58.41
2005-08-03,59.15,59.45
2005-08-02,58.9,59.92
2005-08-01,58.51,58.84
2005-07-29,58.33,58.6
2005-07-28,57.26,58.73
2005-07-27,56.96,57.0
2005-07-26,57.12,57.4
2005-07-25,57.22,57.65
2005-07-22,57.4,57.65
2005-07-21,57.32,57.96
2005-07-20,57.2,57.54
2005-07-19,56.19,57.42
2005-07-18,56.02,56.11
2005-07-15,55.69,56.05
2005-07-14,55.5,56.26
2005-07-13,54.96,55.7
2005-07-12,54.92,55.11
2005-07-11,54.67,55.34
2005-07-08,54.09,54.5
2005-07-07,52.7,53.8
2005-07-06,54.6,54.76
2005-07-05,54.7,54.87
2005-07-04,55.22,55.58
2005-07-01,55.01,55.7
2005-06-30,54.78,55.0
2005-06-29,54.75,55.02
2005-06-28,54.61,55.6
2005-06-27,54.32,54.74
2005-06-24,54.81,54.89
2005-06-23,55.97,56.25
2005-06-22,55.65,56.08
2005-06-21,55.77,56.27
2005-06-20,55.82,56.22
2005-06-17,56.36,56.82
2005-06-16,56.05,56.39
2005-06-15,55.87,56.01
2005-06-14,55.99,56.39
2005-06-13,55.68,56.44
2005-06-10,55.82,56.22
2005-06-09,55.26,55.76
2005-06-08,55.3,55.85
2005-06-07,55.02,55.8
2005-06-06,55.02,55.17
2005-06-03,54.86,55.15
2005-06-02,54.84,55.46
2005-06-01,54.0,55.05
2005-05-31,53.76,53.91
2005-05-30,53.56,54.18
2005-05-27,53.42,53.68
2005-05-26,53.32,53.61
2005-05-25,53.24,53.61
2005-05-24,52.94,53.48
2005-05-23,52.7,52.91
2005-05-20,52.41,52.64
2005-05-19,51.89,52.67
2005-05-18,51.3,52.11
2005-05-17,50.54,50.74
2005-05-16,50.92,51.1
2005-05-13,50.98,51.33
2005-05-12,51.95,52.2
2005-05-11,51.79,51.79
2005-05-10,51.99,52.12
2005-05-09,52.09,52.29
2005-05-06,51.61,52.5
2005-05-05,51.19,51.91
2005-05-04,50.98,51.66
2005-05-03,51.02,51.47
2005-05-02,50.3,50.81
2005-04-29,49.6,50.11
2005-04-28,50.8,51.44
2005-04-27,51.19,51.5
2005-04-26,51.93,52.49
2005-04-25,51.85,52.56
2005-04-22,51.81,52.03
2005-04-21,51.26,51.52
2005-04-20,51.54,51.8
2005-04-19,51.6,52.09
2005-04-18,50.42,51.03
2005-04-15,52.05,52.18
2005-04-14,53.06,53.5
2005-04-13,54.14,54.52
2005-04-12,55.1,55.11
2005-04-11,55.52,55.72
2005-04-08,55.71,56.11
2005-04-07,55.65,56.22
2005-04-06,55.19,56.28
2005-04-05,55.16,55.53
2005-04-04,54.5,55.01
2005-04-01,54.55,55.34
2005-03-31,54.26,54.69
2005-03-30,53.67,54.22
2005-03-29,54.25,54.93
2005-03-28,54.74,54.74
2005-03-25,54.74,54.74
2005-03-24,54.61,54.74
2005-03-23,54.35,55.34
2005-03-22,54.43,55.0
2005-03-21,54.43,54.45
2005-03-18,54.28,54.7
2005-03-17,54.73,54.88
2005-03-16,55.27,55.3
2005-03-15,55.77,56.45
2005-03-14,55.51,56.0
2005-03-11,55.82,56.1
2005-03-10,55.98,56.13
2005-03-09,56.53,56.84
2005-03-08,57.05,57.25
2005-03-07,57.44,58.3
2005-03-04,56.18,57.5
2005-03-03,56.08,56.32
2005-03-02,55.8,56.49
2005-03-01,56.3,56.77
2005-02-28,56.3,56.54
2005-02-25,55.65,56.36
2005-02-24,55.57,56.0
2005-02-23,55.28,55.9
2005-02-22,55.87,56.13
2005-02-21,56.51,56.74
2005-02-18,56.3,56.77
2005-02-17,56.1,56.3
2005-02-16,55.54,56.04
2005-02-15,55.68,56.4
2005-02-14,55.45,55.83
2005-02-11,54.88,55.6
2005-02-10,54.8,54.83
2005-02-09,54.51,54.96
2005-02-08,53.98,54.5
2005-02-07,53.6,54.02
2005-02-04,52.93,53.7
2005-02-03,52.81,53.0
2005-02-02,52.6,53.13
2005-02-01,52.3,52.95
2005-01-31,52.07,52.39
2005-01-28,51.6,51.83
2005-01-27,51.2,52.15
2005-01-26,51.5,51.6
2005-01-25,51.37,51.72
2005-01-24,51.19,51.87
2005-01-21,51.95,52.03
2005-01-20,52.13,52.58
2005-01-19,52.36,52.95
2005-01-18,51.75,52.41
2005-01-17,52.06,52.25
2005-01-14,51.4,52.06
2005-01-13,51.56,51.73
2005-01-12,51.12,51.34
2005-01-11,51.46,51.83
2005-01-10,52.25,52.52
2005-01-07,52.36,52.89
2005-01-06,52.23,52.66
2005-01-05,52.26,52.68
2005-01-04,52.81,53.17
2005-01-03,52.75,53.36
2004-12-31,53.0,53.0
2004-12-30,52.7,53.0
2004-12-29,52.63,52.77
2004-12-28,52.51,52.78
2004-12-27,52.01,52.44
2004-12-24,52.3,52.3
2004-12-23,51.56,52.3
2004-12-22,51.54,51.65
2004-12-21,51.61,51.85
2004-12-20,51.01,51.78
2004-12-17,50.88,50.97
2004-12-16,51.17,51.79
2004-12-15,51.23,51.38
2004-12-14,51.62,51.65
2004-12-13,51.45,51.87
2004-12-10,51.13,51.48
2004-12-09,50.47,50.97
2004-12-08,50.9,51.17
2004-12-07,52.21,52.34
2004-12-06,51.6,52.3
2004-12-03,51.54,51.81
2004-12-02,51.46,51.93
2004-12-01,50.41,52.0
2004-11-30,50.46,50.64
2004-11-29,50.99,51.04
2004-11-26,50.87,51.15
2004-11-25,50.67,51.23
2004-11-24,50.32,50.49
2004-11-23,50.3,50.53
2004-11-22,50.28,50.71
2004-11-19,50.64,50.88
2004-11-18,50.5,51.05
2004-11-17,49.69,50.6
2004-11-16,49.54,49.58
2004-11-15,49.8,49.8
2004-11-12,49.9,50.01
2004-11-11,49.63,50.23
2004-11-10,50.5,51.16
2004-11-09,49.9,50.28
2004-11-08,49.77,49.94
2004-11-05,49.7,50.1
2004-11-04,49.05,49.7
2004-11-03,49.32,49.45
2004-11-02,49.52,49.8
2004-11-01,48.87,49.75
2004-10-29,48.74,48.9
2004-10-28,48.19,48.75
2004-10-27,47.61,48.85
2004-10-26,47.5,47.97
2004-10-25,47.58,47.77
2004-10-22,48.52,49.16
2004-10-21,47.81,48.48
2004-10-20,47.55,47.93
2004-10-19,47.95,48.6
2004-10-18,47.13,47.62
2004-10-15,46.5,47.28
2004-10-14,46.22,46.87
2004-10-13,47.05,47.17
2004-10-12,47.04,47.3
2004-10-11,47.87,48.05
2004-10-08,47.97,48.15
2004-10-07,48.53,48.9
2004-10-06,48.24,48.76
2004-10-05,48.34,48.63
2004-10-04,48.22,48.56
2004-10-01,47.51,48.76
2004-09-30,47.32,47.45
2004-09-29,46.23,47.65
2004-09-28,45.43,46.03
2004-09-27,45.3,45.68
2004-09-24,45.51,45.82
2004-09-23,45.57,45.73
2004-09-22,46.07,46.19
2004-09-21,46.57,46.66
2004-09-20,46.47,46.63
2004-09-17,46.01,46.72
2004-09-16,45.97,46.15
2004-09-15,45.91,46.12
2004-09-14,45.75,46.06
2004-09-13,45.49,46.0
2004-09-10,45.2,45.36
2004-09-09,45.08,45.23
2004-09-08,45.33,45.57
2004-09-07,45.35,45.65
2004-09-06,45.48,45.63
2004-09-03,44.72,45.55
2004-09-02,44.47,44.89
2004-09-01,44.54,44.74
2004-08-31,44.4,44.41
2004-08-30,44.51,44.88
2004-08-27,44.62,45.04
2004-08-26,44.52,44.67
2004-08-25,43.86,44.35
2004-08-24,43.7,43.8
2004-08-23,43.81,44.02
2004-08-20,43.19,43.55
2004-08-19,43.26,43.44
2004-08-18,42.87,43.47
2004-08-17,42.6,43.14
2004-08-16,42.05,43.0
2004-08-13,42.22,42.65
2004-08-12,42.75,43.31
2004-08-11,42.63,43.18
2004-08-10,43.37,43.65
2004-08-09,43.4,43.66
2004-08-06,43.8,43.98
2004-08-05,44.74,45.15
2004-08-04,44.26,44.5
2004-08-03,44.0,44.67
2004-08-02,43.61,44.02
2004-07-30,44.05,44.28
2004-07-29,43.28,44.03
2004-07-28,43.06,43.21
2004-07-27,42.6,43.17
2004-07-26,42.53,42.54
2004-07-23,42.99,43.12
2004-07-22,42.81,42.83
2004-07-21,43.7,43.9
2004-07-20,43.12,43.71
2004-07-19,43.51,43.6
2004-07-16,43.78,44.01
2004-07-15,43.71,43.98
2004-07-14,43.59,44.13
2004-07-13,43.76,44.0
2004-07-12,43.72,43.85
2004-07-09,43.66,44.02
2004-07-08,43.38,44.12
2004-07-07,43.4,43.74
2004-07-06,43.32,43.41
2004-07-05,43.75,43.92
2004-07-02,43.69,43.84
2004-07-01,43.78,43.98
2004-06-30,43.95,43.99
2004-06-29,44.18,44.45
2004-06-28,43.37,44.31
2004-06-25,43.5,43.56
2004-06-24,43.06,43.64
2004-06-23,42.53,42.8
2004-06-22,42.18,42.34
2004-06-21,42.38,42.86
2004-06-18,42.36,42.69
2004-06-17,42.35,42.63
2004-06-16,42.23,42.6
2004-06-15,41.69,42.11
2004-06-14,41.8,41.81
2004-06-11,42.25,42.49
2004-06-10,42.39,42.78
2004-06-09,42.42,42.57
2004-06-08,42.75,42.9
2004-06-07,42.94,43.13
2004-06-04,42.05,42.68
2004-06-03,41.9,42.37
2004-06-02,42.11,42.36
2004-06-01,41.65,41.89
2004-05-31,41.89,42.13
2004-05-28,41.84,41.86
2004-05-27,41.7,42.37
2004-05-26,41.65,41.65
2004-05-25,40.93,41.03
2004-05-24,41.41,41.74
2004-05-21,40.87,41.38
2004-05-20,41.18,41.63
2004-05-19,41.35,41.94
2004-05-18,40.81,41.41
2004-05-17,40.27,40.95
2004-05-14,41.03,41.39
2004-05-13,40.8,41.5
2004-05-12,40.74,40.74
2004-05-11,40.81,41.18
2004-05-10,40.21,40.6
2004-05-07,40.85,41.36
2004-05-06,41.41,41.43
2004-05-05,41.67,42.38
2004-05-04,41.87,42.12
2004-05-03,42.39,42.9
2004-04-30,41.91,43.04
2004-04-29,43.66,43.85
2004-04-28,44.0,44.0
2004-04-27,44.75,44.81
2004-04-26,44.52,44.89
2004-04-23,44.41,44.55
2004-04-22,43.38,44.25
2004-04-21,43.67,43.75
2004-04-20,44.26,44.58
2004-04-19,43.74,44.11
2004-04-16,43.35,44.01
2004-04-15,43.41,43.65
2004-04-14,42.93,43.52
2004-04-13,43.62,43.9
2004-04-12,43.22,43.22
2004-04-09,43.22,43.22
2004-04-08,43.17,43.22
2004-04-07,43.13,43.54
2004-04-06,43.15,43.2
2004-04-05,42.84,43.87
2004-04-02,41.81,43.32
2004-04-01,41.13,41.99
2004-03-31,41.13,41.33
2004-03-30,41.2,41.41
2004-03-29,40.97,41.67
2004-03-26,40.71,41.15
2004-03-25,40.68,41.42
2004-03-24,40.21,40.57
2004-03-23,40.27,40.67
2004-03-22,40.11,40.49
2004-03-19,40.75,41.01
2004-03-18,41.48,41.7
2004-03-17,42.1,42.5
2004-03-16,40.41,41.65
2004-03-15,40.8,40.8
2004-03-12,40.42,42.02
2004-03-11,41.07,41.65
2004-03-10,42.65,43.17
2004-03-09,43.05,43.16
2004-03-08,43.45,43.78
2004-03-05,42.72,43.4
2004-03-04,43.2,43.61
2004-03-03,43.15,43.37
2004-03-02,43.61,44.0
2004-03-01,43.35,43.86
2004-02-27,42.38,42.8
2004-02-26,41.61,42.35
2004-02-25,41.46,41.73
2004-02-24,41.55,41.61
2004-02-23,41.82,42.0
2004-02-20,41.63,41.92
2004-02-19,42.0,42.65
2004-02-18,41.78,42.14
2004-02-17,42.38,42.4
2004-02-16,41.87,42.72
2004-02-13,41.73,41.96
2004-02-12,42.66,43.12
2004-02-11,42.77,43.18
2004-02-10,43.34,43.73
2004-02-09,43.1,43.61
2004-02-06,42.3,43.0
2004-02-05,42.9,43.04
2004-02-04,42.72,43.48
2004-02-03,42.97,43.76
2004-02-02,44.12,44.48
2004-01-30,44.35,44.39
2004-01-29,44.5,44.85
2004-01-28,44.44,44.91
2004-01-27,44.1,44.94
2004-01-26,44.36,44.54
2004-01-23,44.52,44.82
2004-01-22,44.75,44.96
2004-01-21,44.9,45.25
2004-01-20,44.83,45.02
2004-01-19,45.06,45.5
2004-01-16,44.45,45.22
2004-01-15,44.54,45.2
2004-01-14,44.72,45.63
2004-01-13,44.61,44.97
2004-01-12,44.35,44.66
2004-01-09,44.51,44.7
2004-01-08,44.85,45.0
2004-01-07,44.43,45.0
2004-01-06,44.53,45.08
2004-01-05,44.28,44.82
2004-01-02,44.4,44.74
2004-01-01,44.58,44.58
2003-12-31,44.58,44.58
2003-12-30,44.05,44.58
2003-12-29,43.35,43.91
2003-12-26,43.29,43.29
2003-12-25,43.29,43.29
2003-12-24,43.29,43.29
2003-12-23,42.92,43.29
2003-12-22,42.72,42.9
2003-12-19,42.5,43.16
2003-12-18,41.63,42.54
2003-12-17,41.84,42.16
2003-12-16,41.66,42.26
2003-12-15,42.17,42.4
2003-12-12,41.6,42.0
2003-12-11,41.83,42.4
2003-12-10,41.94,42.5
2003-12-09,42.84,43.31
2003-12-08,41.9,42.41
2003-12-05,42.11,42.74
2003-12-04,42.06,43.0
2003-12-03,42.12,43.35
2003-12-02,42.26,42.28
2003-12-01,41.65,42.4
2003-11-28,40.98,41.26
2003-11-27,41.01,41.34
2003-11-26,40.7,40.96
2003-11-25,41.33,41.46
2003-11-24,41.09,41.74
2003-11-21,40.74,41.26
2003-11-20,40.13,41.32
2003-11-19,40.28,41.04
2003-11-18,41.09,41.23
2003-11-17,41.0,41.2
2003-11-14,41.8,42.3
2003-11-13,41.7,42.0
2003-11-12,41.32,41.51
2003-11-11,41.3,41.64
2003-11-10,41.76,41.77
2003-11-07,41.68,42.63
2003-11-06,41.18,41.55
2003-11-05,40.9,41.72
2003-11-04,39.96,41.27
2003-11-03,39.5,39.98
2003-10-31,39.22,38.6
2003-10-30,39.55,40.24
2003-10-29,39.6,40.04
2003-10-28,39.51,40.27
2003-10-27,39.27,39.73
2003-10-24,38.65,38.93
2003-10-23,38.34,38.92
2003-10-22,38.9,38.9
2003-10-21,39.61,40.26
2003-10-20,39.21,39.96
2003-10-17,39.51,39.51
2003-10-16,39.55,40.28
2003-10-15,39.51,39.88
2003-10-14,39.2,39.68
2003-10-13,38.99,39.4
2003-10-10,38.72,38.9
2003-10-09,38.11,40.05
2003-10-08,37.97,38.8
2003-10-07,37.93,38.33
2003-10-06,38.67,38.7
2003-10-03,37.72,41.5
2003-10-02,37.52,37.55
2003-10-01,37.01,38.7
2003-09-30,37.05,37.7
2003-09-29,37.8,38.2
2003-09-26,37.75,38.6
2003-09-25,37.6,38.12
2003-09-24,37.52,37.83
2003-09-23,38.65,39.55
2003-09-22,39.58,39.96
2003-09-19,40.7,41.5
2003-09-18,40.47,41.07
2003-09-17,40.94,41.2
2003-09-16,41.23,41.63
2003-09-15,41.16,41.32
2003-09-12,40.72,40.92
2003-09-11,41.37,41.83
2003-09-10,41.3,41.41
2003-09-09,41.29,41.75
2003-09-08,42.15,42.44
2003-09-05,41.96,42.17
2003-09-04,42.66,42.68
2003-09-03,42.7,43.1
2003-09-02,42.31,42.85
2003-09-01,42.35,43.05
2003-08-29,42.1,41.75
2003-08-28,42.32,42.42
2003-08-27,42.04,42.61
2003-08-26,42.15,42.36
2003-08-25,42.09,42.22
2003-08-22,42.15,42.8
2003-08-21,42.02,42.4
2003-08-20,41.96,42.22
2003-08-19,41.85,41.85
2003-08-18,41.84,42.36
2003-08-15,41.0,41.79
2003-08-14,40.19,41.19
2003-08-13,40.0,40.35
2003-08-12,39.7,40.13
2003-08-11,39.51,39.85
2003-08-08,39.59,39.93
2003-08-07,39.06,39.83
2003-08-06,40.63,41.65
2003-08-05,41.52,42.15
2003-08-04,41.22,41.79
2003-08-01,41.74,42.28
2003-07-31,40.96,42.45
2003-07-30,40.66,41.25
2003-07-29,40.5,41.2
2003-07-28,40.41,40.95
2003-07-25,39.66,40.39
2003-07-24,39.3,40.92
2003-07-23,39.61,40.3
2003-07-22,39.56,40.47
2003-07-21,39.91,40.59
2003-07-18,40.35,40.85
2003-07-17,39.95,40.34
2003-07-16,39.7,39.97
2003-07-15,39.84,39.9
2003-07-14,39.43,40.5
2003-07-11,38.75,39.71
2003-07-10,38.63,38.51
2003-07-09,38.82,38.9
2003-07-08,39.4,39.65
2003-07-07,37.37,39.31
2003-07-04,36.75,37.66
2003-07-03,36.73,36.3
2003-07-02,36.6,37.28
2003-07-01,36.2,36.52
2003-06-30,36.65,37.24
2003-06-27,37.45,41.5
2003-06-26,37.26,37.99
2003-06-25,37.26,37.77
2003-06-24,37.56,38.17
2003-06-23,38.17,39.15
2003-06-20,39.08,39.2
2003-06-19,38.74,39.3
2003-06-18,38.91,39.99
2003-06-17,38.86,39.45
2003-06-16,37.9,39.1
2003-06-13,38.15,38.15
2003-06-12,37.82,38.15
2003-06-11,36.63,37.41
2003-06-10,36.42,37.15
2003-06-09,36.35,36.8
2003-06-06,36.25,36.35
2003-06-05,35.8,36.14
2003-06-04,36.4,36.98
2003-06-03,35.88,36.34
2003-06-02,36.26,36.93
2003-05-30,35.15,36.85
2003-05-29,35.06,35.27
2003-05-28,35.11,35.72
2003-05-27,33.45,35.1
2003-05-26,33.8,33.92
2003-05-23,34.47,34.75
2003-05-22,34.32,34.55
2003-05-21,34.27,35.25
2003-05-20,35.31,35.44
2003-05-19,35.65,35.73
2003-05-16,37.32,37.93
2003-05-15,36.7,37.8
2003-05-14,36.22,37.3
2003-05-13,36.06,36.3
2003-05-12,36.28,37.25
2003-05-09,36.14,38.0
2003-05-08,36.8,36.5
2003-05-07,38.17,38.59
2003-05-06,39.82,40.5
2003-05-05,39.65,40.25
2003-05-02,38.91,40.45
2003-05-01,39.78,39.78
2003-04-30,39.3,39.97
2003-04-29,39.22,39.27
2003-04-28,38.1,39.15
2003-04-25,38.15,38.5
2003-04-24,39.17,39.57
2003-04-23,39.38,40.26
2003-04-22,38.51,40.52
2003-04-21,39.5,39.5
2003-04-18,39.5,39.5
2003-04-17,37.8,39.5
2003-04-16,38.01,37.9
2003-04-15,37.84,38.05
2003-04-14,37.53,38.8
2003-04-11,38.27,38.43
2003-04-10,37.7,38.15
2003-04-09,37.1,38.25
2003-04-08,38.07,38.72
2003-04-07,38.75,39.2
2003-04-04,36.6,38.32
2003-04-03,35.43,36.6
2003-04-02,33.86,36.14
2003-04-01,33.05,33.81
2003-03-31,33.8,34.11
2003-03-28,34.87,35.37
2003-03-27,35.01,36.3
2003-03-26,35.25,36.0
2003-03-25,33.77,36.09
2003-03-24,35.05,35.4
2003-03-21,36.0,37.99
2003-03-20,35.77,36.8
2003-03-19,34.55,36.65
2003-03-18,33.33,35.39
2003-03-17,30.12,31.19
2003-03-14,30.75,30.8
2003-03-13,28.63,31.06
2003-03-12,28.25,28.41
2003-03-11,29.31,30.73
2003-03-10,31.6,31.61
2003-03-07,31.95,32.53
2003-03-06,32.68,32.9
2003-03-05,32.89,33.22
2003-03-04,33.5,33.55
2003-03-03,33.68,34.0
2003-02-28,32.72,33.55
2003-02-27,32.56,33.79
2003-02-26,32.58,32.72
2003-02-25,32.33,33.21
2003-02-24,32.85,32.83
2003-02-21,32.66,34.06
2003-02-20,33.5,33.4
2003-02-19,33.66,33.88
2003-02-18,34.35,34.85
2003-02-17,34.28,34.78
2003-02-14,32.78,34.59
2003-02-13,32.33,32.78
2003-02-12,32.86,32.9
2003-02-11,33.46,33.98
2003-02-10,32.7,33.35
2003-02-07,32.93,33.0
2003-02-06,32.99,33.6
2003-02-05,32.75,34.8
2003-02-04,33.21,33.45
2003-02-03,34.08,34.68
2003-01-31,32.13,34.96
2003-01-30,32.6,33.2
2003-01-29,31.25,33.6
2003-01-28,32.05,32.5
2003-01-27,31.6,31.86
2003-01-24,33.4,33.54
2003-01-23,34.2,34.34
2003-01-22,33.7,34.28
2003-01-21,34.84,35.1
2003-01-20,35.52,35.77
2003-01-17,36.12,36.0
2003-01-16,36.41,37.9
2003-01-15,36.53,36.69
2003-01-14,36.8,37.33
2003-01-13,36.66,36.8
2003-01-10,36.31,36.2
2003-01-09,36.08,36.5
2003-01-08,37.5,37.38
2003-01-07,38.26,38.34
2003-01-06,37.1,39.2
2003-01-03,38.01,38.05
2003-01-02,35.85,43.99
2003-01-01,36.08,36.08
2002-12-31,36.08,36.08
2002-12-30,35.55,36.08
2002-12-27,35.6,35.7
2002-12-26,36.05,36.05
2002-12-25,36.05,36.05
2002-12-24,36.05,36.05
2002-12-23,36.95,37.41
2002-12-20,35.71,34.6
2002-12-19,35.05,35.8
2002-12-18,36.95,36.0
2002-12-17,38.06,38.0
2002-12-16,37.1,38.32
2002-12-13,36.81,37.95
2002-12-12,38.56,39.03
2002-12-11,38.9,39.7
2002-12-10,38.29,39.22
2002-12-09,38.39,38.67
2002-12-06,38.9,39.3
2002-12-05,39.41,39.7
2002-12-04,39.73,40.44
2002-12-03,40.23,40.43
2002-12-02,39.04,40.79
2002-11-29,38.9,39.0
2002-11-28,37.97,38.75
2002-11-27,36.55,38.44
2002-11-26,36.59,36.79
2002-11-25,37.74,37.65
2002-11-22,37.01,38.08
2002-11-21,37.23,37.8
2002-11-20,36.6,37.3
2002-11-19,36.6,37.0
2002-11-18,37.65,38.0
2002-11-15,37.53,38.06
2002-11-14,37.56,38.1
2002-11-13,36.58,37.61
2002-11-12,37.22,38.18
2002-11-11,36.22,37.14
2002-11-08,36.43,36.55
2002-11-07,36.3,36.64
2002-11-06,37.85,37.92
2002-11-05,38.14,38.6
2002-11-04,37.43,38.55
2002-11-01,35.9,37.0
2002-10-31,36.93,37.15
2002-10-30,35.96,34.0
2002-10-29,35.83,36.18
2002-10-28,36.35,37.77
2002-10-25,35.65,36.25
2002-10-24,35.93,36.75
2002-10-23,35.78,37.0
2002-10-22,37.48,37.5
2002-10-21,37.37,45.0
2002-10-18,37.12,38.4
2002-10-17,36.99,38.63
2002-10-16,37.0,38.95
2002-10-15,36.29,38.9
2002-10-14,35.41,35.79
2002-10-11,34.22,36.86
2002-10-10,32.5,34.75
2002-10-09,32.59,33.5
2002-10-08,32.43,32.9
2002-10-07,32.8,34.01
2002-10-04,33.1,35.25
2002-10-03,34.9,36.15
2002-10-02,34.7,36.0
2002-10-01,34.05,36.4
2002-09-30,34.61,35.68
2002-09-27,36.05,36.78
2002-09-26,35.49,36.89
2002-09-25,34.55,36.78
2002-09-24,35.4,36.15
2002-09-23,37.67,37.65
2002-09-20,37.55,39.0
2002-09-19,37.65,38.95
2002-09-18,38.27,39.01
2002-09-17,39.38,39.74
2002-09-16,40.12,40.87
2002-09-13,39.61,40.25
2002-09-12,40.58,40.58
2002-09-11,40.78,41.7
2002-09-10,40.57,40.72
2002-09-09,39.8,40.65
2002-09-06,39.72,41.58
2002-09-05,39.32,40.29
2002-09-04,38.65,39.99
2002-09-03,39.18,39.25
2002-09-02,41.16,41.5
2002-08-30,40.3,42.2
2002-08-29,39.63,40.53
2002-08-28,42.45,42.45
2002-08-27,42.45,42.45
2002-08-26,42.45,42.45
2002-08-23,42.45,42.45
2002-08-22,40.98,42.45
2002-08-21,40.31,41.35
2002-08-20,40.51,40.55
2002-08-19,40.25,41.55
2002-08-16,40.3,41.22
2002-08-15,40.63,41.4
2002-08-14,40.05,40.5
2002-08-13,40.37,42.5
2002-08-12,41.45,41.9
2002-08-09,41.55,42.95
2002-08-08,39.8,45.5
2002-08-07,38.57,39.52
2002-08-06,36.12,39.97
2002-08-05,36.53,37.1
2002-08-02,38.32,39.15
2002-08-01,38.11,38.6
2002-07-31,39.1,38.5
2002-07-30,39.37,40.9
2002-07-29,38.11,49.0
2002-07-26,36.25,38.8
2002-07-25,35.11,37.5
2002-07-24,33.35,37.9
2002-07-23,36.22,36.93
2002-07-22,37.03,38.49
2002-07-19,39.76,38.8
2002-07-18,41.37,42.6
2002-07-17,40.45,42.16
2002-07-16,40.2,41.8
2002-07-15,40.55,41.85
2002-07-12,42.58,43.35
2002-07-11,42.68,43.1
2002-07-10,44.5,44.13
2002-07-09,45.92,45.9
2002-07-08,46.98,47.75
2002-07-05,46.16,47.2
2002-07-04,45.36,46.45
2002-07-03,45.38,45.84
2002-07-02,45.4,45.65
2002-07-01,46.06,46.4
2002-06-28,45.47,46.8
2002-06-27,44.91,45.4
2002-06-26,44.2,44.72
2002-06-25,45.6,46.35
2002-06-24,44.3,45.38
2002-06-21,44.66,48.02
2002-06-20,44.11,45.0
2002-06-19,44.81,45.2
2002-06-18,45.1,45.75
2002-06-17,44.23,45.99
2002-06-14,44.0,43.94
2002-06-13,44.84,45.75
2002-06-12,45.36,45.45
2002-06-11,46.26,46.25
2002-06-10,46.31,46.95
2002-06-07,45.86,46.29
2002-06-06,46.61,47.19
2002-06-05,46.25,46.6
2002-06-04,46.7,46.77
2002-06-03,48.41,48.73
2002-05-31,48.65,49.8
2002-05-30,48.39,48.8
2002-05-29,48.22,48.9
2002-05-28,49.0,49.0
2002-05-27,48.41,49.0
2002-05-24,48.37,48.58
2002-05-23,47.89,48.25
2002-05-22,47.86,48.0
2002-05-21,47.52,48.8
2002-05-20,48.3,48.33
2002-05-17,47.75,48.75
2002-05-16,47.35,47.51
2002-05-15,47.31,48.2
2002-05-14,47.23,47.65
2002-05-13,46.41,47.49
2002-05-10,46.15,46.75
2002-05-09,45.9,46.17
2002-05-08,45.17,46.45
2002-05-07,44.48,45.05
2002-05-06,45.38,45.42
2002-05-03,45.7,46.15
2002-05-02,46.3,46.85
2002-05-01,47.6,47.6
2002-04-30,45.75,47.6
2002-04-29,44.57,44.9
2002-04-26,44.75,45.04
2002-04-25,44.52,44.6
2002-04-24,46.51,46.95
2002-04-23,46.4,46.94
2002-04-22,47.33,47.85
2002-04-19,46.96,47.77
2002-04-18,46.6,47.25
2002-04-17,47.17,47.48
2002-04-16,46.7,47.45
2002-04-15,46.61,47.4
2002-04-12,46.43,47.05
2002-04-11,46.25,46.48
2002-04-10,46.74,47.35
2002-04-09,46.6,46.6
2002-04-08,46.01,47.0
2002-04-05,46.7,47.04
2002-04-04,46.58,46.79
2002-04-03,46.9,48.0
2002-04-02,46.04,47.25
2002-04-01,46.5,46.5
2002-03-29,46.5,46.5
2002-03-28,45.86,46.5
2002-03-27,45.62,45.92
2002-03-26,46.55,46.8
2002-03-25,46.75,47.0
2002-03-22,46.79,47.35
2002-03-21,46.6,46.75
2002-03-20,46.35,46.95
2002-03-19,46.22,47.12
2002-03-18,46.58,47.03
2002-03-15,45.9,46.82
2002-03-14,45.56,46.1
2002-03-13,45.58,45.66
2002-03-12,45.95,46.49
2002-03-11,46.28,46.6
2002-03-08,46.46,47.05
2002-03-07,46.22,46.51
2002-03-06,45.5,46.3
2002-03-05,45.61,45.82
2002-03-04,45.0,45.85
2002-03-01,44.04,44.72
2002-02-28,43.74,44.36
2002-02-27,43.25,44.05
2002-02-26,42.4,43.35
2002-02-25,41.83,42.95
2002-02-22,41.81,42.48
2002-02-21,41.25,41.8
2002-02-20,39.91,40.95
2002-02-19,40.34,40.71
2002-02-18,40.8,41.45
2002-02-15,41.05,41.05
2002-02-14,41.5,41.68
2002-02-13,42.8,43.25
2002-02-12,43.29,43.91
2002-02-11,42.78,43.7
2002-02-08,42.35,42.85
2002-02-07,42.5,43.0
2002-02-06,43.15,43.5
2002-02-05,44.15,45.0
2002-02-04,44.5,44.9
2002-02-01,43.99,44.95
2002-01-31,44.53,44.99
2002-01-30,43.8,44.5
2002-01-29,43.86,44.08
2002-01-28,44.6,44.6
2002-01-25,44.66,45.3
2002-01-24,44.2,44.73
2002-01-23,42.9,44.42
2002-01-22,42.88,43.59
2002-01-21,42.72,43.35
2002-01-18,42.84,43.4
2002-01-17,42.17,43.05
2002-01-16,41.61,42.1
2002-01-15,41.85,41.85
2002-01-14,41.85,41.85
2002-01-11,42.69,43.0
2002-01-10,42.65,43.2
2002-01-09,42.26,43.0
2002-01-08,42.42,42.81
2002-01-07,42.8,43.41
2002-01-04,42.63,42.8
2002-01-03,42.0,43.07
2002-01-02,41.0,42.5
2002-01-01,41.75,41.75
2001-12-31,41.75,41.75
2001-12-28,41.72,41.75
2001-12-27,40.55,41.8
2001-12-26,40.6,40.6
2001-12-25,40.6,40.6
2001-12-24,40.6,40.6
2001-12-21,40.16,40.6
2001-12-20,40.55,39.56
2001-12-19,40.75,41.02
2001-12-18,41.16,41.74
2001-12-17,40.4,41.26
2001-12-14,40.67,40.84
2001-12-13,40.75,40.9
2001-12-12,41.36,42.1
2001-12-11,42.12,43.0
2001-12-10,42.65,42.95
2001-12-07,42.74,43.0
2001-12-06,42.9,43.85
2001-12-05,42.6,44.34
2001-12-04,41.54,42.95
2001-12-03,42.3,42.56
2001-11-30,42.3,42.56
2001-11-29,42.25,43.5
2001-11-28,42.03,42.31
2001-11-27,42.56,43.3
2001-11-26,42.8,43.33
2001-11-23,42.2,43.2
2001-11-22,42.43,42.95
2001-11-21,42.41,43.4
2001-11-20,42.02,43.3
2001-11-19,41.87,43.39
2001-11-16,39.6,41.86
2001-11-15,40.23,39.7
2001-11-14,40.78,40.85
2001-11-13,39.45,41.59
2001-11-12,38.7,40.09
2001-11-09,40.25,40.8
2001-11-08,40.4,41.7
2001-11-07,38.61,40.45
2001-11-06,38.64,39.15
2001-11-05,37.7,39.05
2001-11-02,37.01,37.71
2001-11-01,36.9,38.57
2001-10-31,36.61,37.7
2001-10-30,36.93,37.6
2001-10-29,38.2,38.6
2001-10-26,37.45,39.18
2001-10-25,37.65,38.5
2001-10-24,38.68,39.39
2001-10-23,37.4,39.5
2001-10-22,35.8,38.04
2001-10-19,37.31,38.5
2001-10-18,38.17,38.5
2001-10-17,38.63,39.37
2001-10-16,39.72,39.72
2001-10-15,39.1,39.72
2001-10-12,39.68,42.97
2001-10-11,39.12,40.1
2001-10-10,38.05,39.67
2001-10-09,37.72,38.51
2001-10-08,37.36,38.21
2001-10-05,36.71,39.17
2001-10-04,36.37,37.69
2001-10-03,37.21,37.21
2001-10-02,36.85,37.21
2001-10-01,37.5,38.28
2001-09-28,37.1,39.04
2001-09-27,35.31,37.2
2001-09-26,35.25,36.68
2001-09-25,34.65,34.95
2001-09-24,30.89,30.89
2001-09-21,28.36,30.89
2001-09-20,31.25,31.8
2001-09-19,33.77,34.31
2001-09-18,35.47,36.21
2001-09-17,34.62,38.2
2001-09-14,37.32,37.65
2001-09-13,39.0,40.4
2001-09-12,40.07,40.7
2001-09-11,40.3,41.4
2001-09-10,43.05,43.33
2001-09-07,44.3,44.92
2001-09-06,45.15,45.6
2001-09-05,46.19,46.15
2001-09-04,45.41,46.75
2001-09-03,44.67,45.4
2001-08-31,44.47,44.9
2001-08-30,45.07,45.43
2001-08-29,45.83,46.29
2001-08-28,46.01,46.74
2001-08-27,45.85,46.25
2001-08-24,45.25,46.05
2001-08-23,45.06,45.24
2001-08-22,44.4,45.7
2001-08-21,44.33,44.82
2001-08-20,44.05,44.45
2001-08-17,43.8,43.99
2001-08-16,44.08,44.49
2001-08-15,44.39,44.8
2001-08-14,44.59,45.0
2001-08-13,44.72,44.9
2001-08-10,44.5,44.88
2001-08-09,43.55,44.3
2001-08-08,42.98,44.39
2001-08-07,44.46,45.7
2001-08-06,45.43,46.1
2001-08-03,45.19,45.19
2001-08-02,45.54,45.95
2001-08-01,46.28,46.95
2001-07-31,45.8,46.35
2001-07-30,45.16,46.15
2001-07-27,44.93,45.34
2001-07-26,44.66,45.1
2001-07-25,44.5,45.08
2001-07-24,46.25,46.45
2001-07-23,46.68,47.03
2001-07-20,46.35,47.2
2001-07-19,46.22,47.46
2001-07-18,46.4,46.91
2001-07-17,46.91,47.27
2001-07-16,47.21,47.4
2001-07-13,47.3,47.3
2001-07-12,46.5,47.3
2001-07-11,45.5,46.6
2001-07-10,46.3,46.41
2001-07-09,46.18,47.83
2001-07-06,45.83,46.8
2001-07-05,46.8,47.28
2001-07-04,46.76,47.09
2001-07-03,46.22,46.65
2001-07-02,46.16,46.79
2001-06-29,45.1,46.7
2001-06-28,43.5,45.5
2001-06-27,43.28,43.78
2001-06-26,42.88,44.0
2001-06-25,42.78,43.74
2001-06-22,42.87,43.88
2001-06-21,42.28,44.0
2001-06-20,43.57,44.77
2001-06-19,44.44,44.01
2001-06-18,44.6,44.71
2001-06-15,45.65,45.65
2001-06-14,45.08,45.65
2001-06-13,46.0,46.14
2001-06-12,46.28,46.35
2001-06-11,46.1,46.2
2001-06-08,46.5,45.04
2001-06-07,46.8,46.71
2001-06-06,46.9,46.9
2001-06-05,47.1,44.5
2001-06-04,47.15,47.63
2001-06-01,47.14,47.25
2001-05-31,46.6,47.51
2001-05-30,46.68,46.9
2001-05-29,47.0,47.15
2001-05-28,48.03,48.3
2001-05-25,47.85,48.14
2001-05-24,48.5,48.8
2001-05-23,49.16,49.35
2001-05-22,49.5,49.95
2001-05-21,49.31,49.94
2001-05-18,49.07,49.82
2001-05-17,48.97,49.22
2001-05-16,47.02,48.66
2001-05-15,47.25,47.9
2001-05-14,47.68,47.9
2001-05-11,48.3,48.57
2001-05-10,48.21,48.21
2001-05-09,47.6,48.21
2001-05-08,46.92,47.2
2001-05-07,46.9,46.9
2001-05-04,46.59,46.9
2001-05-03,45.36,45.4
2001-05-02,46.63,47.25
2001-05-01,48.71,48.71
2001-04-30,48.0,48.71
2001-04-27,46.91,49.5
2001-04-26,48.01,49.3
2001-04-25,47.69,48.35
2001-04-24,48.1,49.3
2001-04-23,48.05,48.4
2001-04-20,48.68,49.1
2001-04-19,47.89,49.35
2001-04-18,47.6,48.07
2001-04-17,46.95,47.56
2001-04-16,47.4,47.4
2001-04-13,47.4,47.4
2001-04-12,46.4,47.4
2001-04-11,45.52,46.51
2001-04-10,45.6,45.77
2001-04-09,44.44,45.79
2001-04-06,43.8,44.58
2001-04-05,43.41,44.27
2001-04-04,42.75,44.0
2001-04-03,43.22,43.81
2001-04-02,43.35,45.03
2001-03-30,44.66,45.26
2001-03-29,44.71,46.05
2001-03-28,44.81,45.55
2001-03-27,43.8,46.07
2001-03-26,43.0,43.97
2001-03-23,42.3,42.95
2001-03-22,41.7,42.96
2001-03-21,44.72,45.04
2001-03-20,45.96,46.65
2001-03-19,46.11,46.35
2001-03-16,46.1,45.33
2001-03-15,46.31,47.4
2001-03-13,48.21,48.3
2001-03-12,49.05,49.38
2001-03-09,49.18,49.73
2001-03-08,49.7,50.18
2001-03-07,49.33,50.45
2001-03-06,49.35,49.47
2001-03-05,48.5,49.48
2001-03-02,48.11,48.54
2001-03-01,48.5,48.87
2001-02-28,48.1,48.96
2001-02-27,47.81,48.41
2001-02-26,47.0,47.96
2001-02-23,46.45,46.5
2001-02-22,47.0,47.15
2001-02-21,47.12,47.65
2001-02-20,47.55,47.94
2001-02-19,47.0,48.15
2001-02-16,46.93,46.95
2001-02-15,47.05,47.05
2001-02-14,46.4,47.05
2001-02-13,46.07,46.55
2001-02-12,46.23,46.7
2001-02-09,46.55,46.81
2001-02-08,47.15,47.5
2001-02-07,47.18,47.5
2001-02-06,47.3,47.79
2001-02-05,47.5,48.27
2001-02-02,47.65,48.0
2001-02-01,46.91,47.85
2001-01-31,46.13,47.05
2001-01-30,45.5,46.4
2001-01-29,45.45,46.0
2001-01-26,44.9,45.72
2001-01-25,44.45,45.08
2001-01-24,44.65,45.11
2001-01-23,45.55,46.0
2001-01-22,44.37,45.6
2001-01-19,43.9,44.2
2001-01-18,45.41,46.25
2001-01-17,46.02,46.83
2001-01-16,46.45,47.4
2001-01-15,46.25,46.66
2001-01-12,45.85,46.12
2001-01-11,45.45,46.35
2001-01-10,45.32,46.15
2001-01-09,47.35,48.1
2001-01-08,48.22,48.92
2001-01-05,49.15,49.15
2001-01-04,47.06,49.15
2001-01-03,46.62,48.0
2001-01-02,47.41,48.66
2001-01-01,48.17,48.17
2000-12-29,47.71,48.17
2000-12-28,47.6,47.84
2000-12-27,46.5,47.58
2000-12-22,46.05,46.6
2000-12-21,46.65,46.4
2000-12-20,46.3,47.2
2000-12-19,46.8,47.15
2000-12-18,46.51,47.45
2000-12-15,46.01,46.05
2000-12-14,45.85,46.12
2000-12-13,45.55,45.9
2000-12-12,45.05,45.8
2000-12-11,46.45,47.0
2000-12-08,47.32,47.95
2000-12-07,46.44,47.19
2000-12-06,45.01,46.67
2000-12-05,44.2,46.19
2000-12-04,43.4,43.9
2000-12-01,43.2,44.12
2000-11-30,43.5,43.5
2000-11-29,43.65,44.32
2000-11-28,43.51,44.25
2000-11-27,43.5,43.73
2000-11-24,43.0,43.67
2000-11-23,42.75,43.0
2000-11-22,42.44,42.89
2000-11-21,42.55,43.36
2000-11-20,42.55,42.55
2000-11-17,42.75,42.81
2000-11-16,43.11,43.5
2000-11-15,43.26,44.3
2000-11-14,42.97,42.97
2000-11-13,42.61,42.97
2000-11-10,43.25,44.1
2000-11-09,42.65,43.5
2000-11-08,43.9,44.2
2000-11-07,44.44,44.7
2000-11-06,44.68,45.51
2000-11-03,45.05,45.92
2000-11-02,45.24,45.85
2000-11-01,45.5,45.75
2000-10-31,45.08,45.08
2000-10-30,43.1,45.08
2000-10-27,42.2,43.5
2000-10-26,42.05,42.01
2000-10-25,41.41,42.4
2000-10-24,40.7,40.7
2000-10-23,40.1,40.7
2000-10-20,40.5,40.5
2000-10-19,40.5,40.5
2000-10-18,40.5,40.5
2000-10-17,40.5,40.5
2000-10-16,40.5,40.5
2000-10-13,40.5,40.5
2000-10-12,40.01,40.5
2000-10-11,41.01,41.69
2000-10-10,41.34,42.19
2000-10-09,41.5,41.67
2000-10-06,42.4,42.95
2000-10-05,41.45,42.7
2000-10-04,40.7,41.88
2000-10-03,40.55,40.55
2000-10-02,39.87,40.55
2000-09-29,39.75,40.1
2000-09-28,39.55,40.47
2000-09-27,39.94,40.1
2000-09-26,40.05,40.5
2000-09-25,39.9,40.5
2000-09-22,38.75,40.64
2000-09-21,38.5,39.58
2000-09-20,40.06,40.2
2000-09-19,40.5,41.25
2000-09-18,40.52,40.86
2000-09-15,40.93,41.69
2000-09-14,41.2,41.5
2000-09-13,41.49,41.49
2000-09-12,40.98,41.49
2000-09-11,41.6,42.03
2000-09-08,41.17,41.87
2000-09-07,42.16,42.6
2000-09-06,43.1,43.83
2000-09-05,42.55,43.77
2000-09-04,42.19,42.75
2000-09-01,41.85,42.11
2000-08-31,41.75,41.74
2000-08-30,42.11,42.25
2000-08-29,42.22,42.6
2000-08-28,42.2,42.83
2000-08-25,41.7,42.15
2000-08-24,41.94,41.98
2000-08-23,41.75,42.18
2000-08-22,41.9,42.49
2000-08-21,41.4,41.82
2000-08-18,41.23,41.6
2000-08-17,40.98,41.4
2000-08-16,41.79,41.88
2000-08-15,41.71,42.3
2000-08-14,41.9,42.24
2000-08-11,41.64,41.87
2000-08-10,41.57,42.05
2000-08-09,40.95,41.91
2000-08-08,41.9,42.3
2000-08-07,44.55,45.05
2000-08-04,44.06,44.85
2000-08-03,44.0,44.76
2000-08-02,43.75,44.25
2000-08-01,44.1,44.7
2000-07-31,43.8,44.25
2000-07-28,43.82,44.44
2000-07-27,44.13,44.35
2000-07-26,44.22,44.94
2000-07-25,44.12,44.7
2000-07-24,44.0,44.75
2000-07-21,43.71,43.9
2000-07-20,43.4,44.0
2000-07-19,42.82,43.5
2000-07-18,43.34,44.25
2000-07-17,43.43,43.89
2000-07-14,43.5,43.65
2000-07-13,43.55,43.55
2000-07-12,42.4,43.55
2000-07-11,42.15,41.99
2000-07-10,42.08,42.05
2000-07-07,42.21,42.21
2000-07-06,42.41,42.21
2000-07-05,42.56,42.9
2000-07-04,43.15,43.4
2000-07-03,41.8,42.9
2000-06-30,41.53,42.32
2000-06-29,41.26,41.56
2000-06-28,40.91,42.13
2000-06-27,40.6,41.0
2000-06-26,39.81,40.5
2000-06-23,39.47,39.3
2000-06-22,39.4,39.98
2000-06-21,40.0,40.0
2000-06-20,40.6,41.07
2000-06-19,40.15,42.0
2000-06-16,40.32,36.0
2000-06-15,40.81,41.78
2000-06-14,42.09,42.89
2000-06-13,43.56,44.24
2000-06-12,44.62,44.77
2000-06-09,43.71,45.0
2000-06-08,44.15,44.85
2000-06-07,44.13,45.7
2000-06-06,44.02,44.5
2000-06-05,46.31,46.67
2000-06-02,43.51,46.06
2000-06-01,42.5,44.2
2000-05-31,42.21,43.85
2000-05-30,44.81,45.26
2000-05-29,45.1,45.45
2000-05-26,45.0,45.0
2000-05-25,45.7,46.0
2000-05-24,46.9,47.12
2000-05-23,46.55,47.45
2000-05-22,46.27,47.18
2000-05-19,47.31,47.5
2000-05-18,47.95,48.45
2000-05-17,48.02,48.2
2000-05-16,47.87,49.03
2000-05-15,47.8,47.93
2000-05-12,48.3,49.03
2000-05-11,47.62,49.01
2000-05-10,48.51,48.9
2000-05-09,49.0,49.0
2000-05-08,47.9,49.0
2000-05-05,46.9,48.85
2000-05-04,46.89,48.5
2000-05-03,47.05,47.55
2000-05-02,47.3,47.65
2000-05-01,48.09,48.09
2000-04-28,46.7,48.09
2000-04-27,47.45,49.0
2000-04-26,48.0,48.8
2000-04-25,46.1,47.75
2000-04-24,46.01,46.01
2000-04-21,46.01,46.01
2000-04-20,45.5,46.01
2000-04-19,45.3,45.5
2000-04-18,46.4,47.31
2000-04-17,46.4,48.35
2000-04-14,47.78,48.64
2000-04-13,48.8,49.7
2000-04-12,48.0,49.29
2000-04-11,47.23,47.66
2000-04-10,47.0,47.15
2000-04-07,47.08,47.5
2000-04-06,47.71,48.0
2000-04-05,47.9,49.45
2000-04-04,48.95,50.68
2000-04-03,48.5,48.8
2000-03-31,49.1,49.55
2000-03-30,48.78,49.32
2000-03-29,48.1,49.7
2000-03-28,48.9,49.0
2000-03-27,48.9,49.25
2000-03-24,49.22,49.8
2000-03-23,48.3,49.1
2000-03-22,49.0,49.15
2000-03-21,47.85,48.7
2000-03-20,48.85,49.4
2000-03-17,48.29,50.0
2000-03-16,47.9,48.89
2000-03-15,46.65,47.4
2000-03-14,46.5,47.85
2000-03-13,45.62,46.65
2000-03-10,45.26,46.2
2000-03-09,45.3,45.79
2000-03-08,45.01,45.65
2000-03-07,44.33,44.8
2000-03-06,44.9,46.25
2000-03-03,44.98,45.41
2000-03-02,44.78,46.9
2000-03-01,44.75,46.2
2000-02-29,45.95,47.9
2000-02-28,43.95,46.9
2000-02-25,44.6,45.16
2000-02-24,45.1,45.9
2000-02-23,46.55,47.14
2000-02-22,45.52,46.5
2000-02-21,45.8,47.0
2000-02-18,46.71,47.4
2000-02-17,44.1,46.5
2000-02-16,41.82,43.99
2000-02-15,40.99,40.99
2000-02-14,42.6,43.2
2000-02-11,43.05,44.13
2000-02-10,42.1,44.0
2000-02-09,42.92,43.1
2000-02-08,41.75,43.05
2000-02-07,41.22,41.75
2000-02-04,42.31,43.07
2000-02-03,43.41,43.65
2000-02-02,42.26,45.0
2000-02-01,41.81,42.02
2000-01-31,43.51,44.05
2000-01-28,43.93,45.25
2000-01-27,43.32,44.55
2000-01-26,43.5,44.02
2000-01-25,45.25,45.25
2000-01-24,46.81,47.18
2000-01-21,47.5,48.05
2000-01-20,48.83,49.4
2000-01-19,47.62,49.84
2000-01-18,47.4,47.95
2000-01-17,47.6,47.87
2000-01-14,47.4,47.5
2000-01-13,46.9,47.5
2000-01-12,47.26,48.0
2000-01-11,47.75,47.99
2000-01-10,49.6,50.22
2000-01-07,47.8,50.0
2000-01-06,46.28,48.03
2000-01-05,45.92,46.75
2000-01-04,47.72,47.85
2000-01-03,49.6,49.75
